Local,Ano,Porcentagem da população que utiliza Saneamento de forma segura
Africa,2000,18.87684
Africa,2001,19.076805
Africa,2002,19.366491
Africa,2003,19.655367
Africa,2004,19.947477
Africa,2005,20.270317
Africa,2006,20.600803
Africa,2007,20.937014
Africa,2008,21.283224
Africa,2009,21.616808
Africa,2010,21.939575
Africa,2011,22.109037
Africa,2012,22.44694
Africa,2013,22.787085
Africa,2014,23.134699
Africa,2015,23.493273
Africa,2016,23.821913
Africa,2017,24.176521
Africa,2018,24.455753
Africa,2019,24.75566
Africa,2020,25.054947
Africa,2021,25.341536
Africa,2022,25.60288
Albania,2000,26.566858
Albania,2001,27.184067
Albania,2002,27.769495
Albania,2003,28.333334
Albania,2004,28.8754
Albania,2005,29.693571
Albania,2006,30.525263
Albania,2007,31.333492
Albania,2008,32.118214
Albania,2009,32.88006
Albania,2010,33.61828
Albania,2011,34.33349
Albania,2012,35.02541
Albania,2013,37.18726
Albania,2014,39.37208
Albania,2015,41.580208
Albania,2016,43.811172
Albania,2017,46.064865
Albania,2018,48.34123
Albania,2019,50.48372
Albania,2020,52.580948
Albania,2021,54.45248
Albania,2022,56.346493
Algeria,2000,58.852875
Algeria,2001,59.193707
Algeria,2002,59.528637
Algeria,2003,59.857376
Algeria,2004,60.179985
Algeria,2005,60.496212
Algeria,2006,60.806435
Algeria,2007,61.110416
Algeria,2008,61.40853
Algeria,2009,61.698814
Algeria,2010,61.982166
Algeria,2011,62.258324
Algeria,2012,62.311268
Algeria,2013,62.353973
Algeria,2014,62.38698
Algeria,2015,62.410316
Algeria,2016,62.42451
Algeria,2017,62.4296
Algeria,2018,62.426086
Algeria,2019,62.414135
Algeria,2020,62.39411
Algeria,2021,62.36628
Algeria,2022,62.4101
American Samoa,2000,44.591465
American Samoa,2001,44.562317
American Samoa,2002,44.533165
American Samoa,2003,44.504013
American Samoa,2004,44.474865
American Samoa,2005,44.445713
American Samoa,2006,44.416565
American Samoa,2007,44.387413
American Samoa,2008,44.358265
American Samoa,2009,43.543423
American Samoa,2010,42.729618
American Samoa,2011,41.916843
American Samoa,2012,41.105103
American Samoa,2013,40.294395
American Samoa,2014,39.484722
American Samoa,2015,38.676083
American Samoa,2016,37.868477
American Samoa,2017,37.0619
American Samoa,2018,37.037403
American Samoa,2019,37.0129
American Samoa,2020,36.9884
American Samoa,2021,36.9639
American Samoa,2022,36.994152
Americas (WHO),2000,54.428894
Americas (WHO),2001,54.600933
Americas (WHO),2002,54.755627
Americas (WHO),2003,55.164474
Americas (WHO),2004,55.619553
Americas (WHO),2005,56.08782
Americas (WHO),2006,56.568947
Americas (WHO),2007,57.062786
Americas (WHO),2008,57.56582
Americas (WHO),2009,58.07756
Americas (WHO),2010,58.58703
Americas (WHO),2011,59.10273
Americas (WHO),2012,59.737846
Americas (WHO),2013,60.386337
Americas (WHO),2014,61.046513
Americas (WHO),2015,61.694866
Americas (WHO),2016,62.347076
Americas (WHO),2017,62.967335
Americas (WHO),2018,63.64911
Americas (WHO),2019,64.34465
Americas (WHO),2020,64.95829
Americas (WHO),2021,65.62956
Americas (WHO),2022,66.08244
Andorra,2000,29.310223
Andorra,2001,33.90393
Andorra,2002,38.49764
Andorra,2003,43.091347
Andorra,2004,47.68506
Andorra,2005,52.278763
Andorra,2006,56.872475
Andorra,2007,61.466187
Andorra,2008,66.05989
Andorra,2009,70.6536
Andorra,2010,75.24731
Andorra,2011,79.84102
Andorra,2012,84.43472
Andorra,2013,89.028435
Andorra,2014,93.62214
Andorra,2015,98.21585
Andorra,2016,99.99999
Andorra,2017,100
Andorra,2018,99.99999
Andorra,2019,100
Andorra,2020,100
Andorra,2021,100
Andorra,2022,100
Argentina,2000,44.713352
Argentina,2001,44.804207
Argentina,2002,44.89531
Argentina,2003,44.986668
Argentina,2004,45.07831
Argentina,2005,45.170208
Argentina,2006,45.26239
Argentina,2007,45.354828
Argentina,2008,45.447536
Argentina,2009,45.540493
Argentina,2010,45.6337
Argentina,2011,45.726902
Argentina,2012,45.820183
Argentina,2013,45.91216
Argentina,2014,46.004475
Argentina,2015,46.097076
Argentina,2016,46.18997
Armenia,2000,14.826632
Armenia,2001,14.69777
Armenia,2002,14.53791
Armenia,2003,14.365562
Armenia,2004,14.188505
Armenia,2005,14.011073
Armenia,2006,13.813293
Armenia,2007,13.590972
Armenia,2008,13.367296
Armenia,2009,13.142789
Armenia,2010,12.9172
Armenia,2011,12.690536
Armenia,2012,12.462802
Armenia,2013,12.227307
Armenia,2014,11.9838295
Armenia,2015,11.731858
Armenia,2016,11.46074
Armenia,2017,11.167684
Armenia,2018,10.926669
Armenia,2019,10.862765
Armenia,2020,10.829497
Armenia,2021,10.794832
Armenia,2022,10.753114
Australia,2000,93.56211
Australia,2001,93.66469
Australia,2002,93.767265
Australia,2003,93.86984
Australia,2004,93.97243
Australia,2005,94.075005
Australia,2006,94.17758
Australia,2007,94.28016
Australia,2008,94.38274
Australia,2009,94.48531
Australia,2010,94.58789
Australia,2011,94.69047
Australia,2012,94.793045
Australia,2013,94.89562
Australia,2014,94.9982
Australia,2015,95.10078
Australia,2016,95.203354
Australia,2017,95.30593
Australia,2018,95.40873
Australia,2019,95.511375
Australia,2020,95.61375
Australia,2021,95.71612
Australia,2022,95.81849
Australia and New Zealand (SDG),2000,93.56357
Australia and New Zealand (SDG),2001,93.66607
Australia and New Zealand (SDG),2002,93.76857
Australia and New Zealand (SDG),2003,93.87108
Australia and New Zealand (SDG),2004,93.97358
Australia and New Zealand (SDG),2005,94.07608
Australia and New Zealand (SDG),2006,94.17858
Australia and New Zealand (SDG),2007,94.281075
Australia and New Zealand (SDG),2008,94.38356
Australia and New Zealand (SDG),2009,94.48605
Australia and New Zealand (SDG),2010,94.588554
Australia and New Zealand (SDG),2011,94.69105
Australia and New Zealand (SDG),2012,94.79355
Australia and New Zealand (SDG),2013,94.89605
Australia and New Zealand (SDG),2014,94.99855
Australia and New Zealand (SDG),2015,95.10105
Australia and New Zealand (SDG),2016,95.20355
Australia and New Zealand (SDG),2017,95.30605
Australia and New Zealand (SDG),2018,95.408775
Australia and New Zealand (SDG),2019,95.511375
Australia and New Zealand (SDG),2020,95.61375
Australia and New Zealand (SDG),2021,95.71612
Australia and New Zealand (SDG),2022,95.81849
Austria,2000,99.70665
Austria,2001,99.704605
Austria,2002,99.70255
Austria,2003,99.69887
Austria,2004,99.69495
Austria,2005,99.69105
Austria,2006,99.68717
Austria,2007,99.68329
Austria,2008,99.67943
Austria,2009,99.67559
Austria,2010,99.67175
Austria,2011,99.66794
Austria,2012,99.666374
Austria,2013,99.66591
Austria,2014,99.66544
Austria,2015,99.664955
Austria,2016,99.66447
Austria,2017,99.663956
Austria,2018,99.66536
Austria,2019,99.66686
Austria,2020,99.66847
Austria,2021,99.67018
Austria,2022,99.67198
Azerbaijan,2000,40.403244
Azerbaijan,2001,42.10252
Azerbaijan,2002,43.795723
Azerbaijan,2003,45.975456
Azerbaijan,2004,48.15928
Azerbaijan,2005,50.332336
Azerbaijan,2006,52.376583
Azerbaijan,2007,54.413277
Azerbaijan,2008,56.16863
Azerbaijan,2009,57.880016
Azerbaijan,2010,59.652153
Azerbaijan,2011,61.48677
Azerbaijan,2012,63.385384
Azerbaijan,2013,65.34923
Azerbaijan,2014,66.892365
Azerbaijan,2015,68.37541
Azerbaijan,2016,68.45709
Azerbaijan,2017,68.59385
Azerbaijan,2018,68.7865
Azerbaijan,2019,69.03606
Bahrain,2000,85.938324
Bahrain,2001,86.25456
Bahrain,2002,86.57081
Bahrain,2003,86.88705
Bahrain,2004,87.20329
Bahrain,2005,87.49798
Bahrain,2006,87.772026
Bahrain,2007,88.04578
Bahrain,2008,88.31923
Bahrain,2009,88.59237
Bahrain,2010,88.86521
Bahrain,2011,89.13775
Bahrain,2012,89.40998
Bahrain,2013,89.681915
Bahrain,2014,89.95243
Bahrain,2015,90.22133
Bahrain,2016,90.48992
Bahrain,2017,90.75822
Bahrain,2018,91.02621
Bahrain,2019,91.2939
Bahrain,2020,91.605515
Bahrain,2021,91.91713
Bahrain,2022,92.22875
Bangladesh,2000,11.046515
Bangladesh,2001,11.741527
Bangladesh,2002,12.457856
Bangladesh,2003,13.173405
Bangladesh,2004,13.887941
Bangladesh,2005,14.60459
Bangladesh,2006,15.323445
Bangladesh,2007,16.044256
Bangladesh,2008,16.765007
Bangladesh,2009,17.485083
Bangladesh,2010,18.204218
Bangladesh,2011,18.921661
Bangladesh,2012,19.636387
Bangladesh,2013,20.347584
Bangladesh,2014,21.50998
Bangladesh,2015,22.700132
Bangladesh,2016,23.917084
Bangladesh,2017,25.159554
Bangladesh,2018,26.426378
Bangladesh,2019,27.716417
Bangladesh,2020,29.028513
Bangladesh,2021,30.1547
Bangladesh,2022,30.976194
Belarus,2000,84.62906
Belarus,2001,84.7073
Belarus,2002,84.78489
Belarus,2003,84.86167
Belarus,2004,84.11624
Belarus,2005,83.32743
Belarus,2006,82.54071
Belarus,2007,81.75563
Belarus,2008,80.97195
Belarus,2009,80.18861
Belarus,2010,79.41874
Belarus,2011,78.654564
Belarus,2012,77.8906
Belarus,2013,77.12635
Belarus,2014,76.36103
Belarus,2015,75.594666
Belarus,2016,74.82624
Belarus,2017,74.953415
Belarus,2018,75.087906
Belarus,2019,75.22926
Belarus,2020,75.09636
Belarus,2021,74.88842
Belarus,2022,75.035774
Belgium,2000,68.65743
Belgium,2001,68.65752
Belgium,2002,68.6576
Belgium,2003,68.65768
Belgium,2004,69.94578
Belgium,2005,71.24562
Belgium,2006,72.557205
Belgium,2007,73.880554
Belgium,2008,75.215645
Belgium,2009,76.774124
Belgium,2010,78.36242
Belgium,2011,79.96244
Belgium,2012,81.57423
Belgium,2013,83.197754
Belgium,2014,84.83304
Belgium,2015,86.48007
Belgium,2016,88.138855
Belgium,2017,89.80939
Belgium,2018,91.49167
Belgium,2019,93.18571
Belgium,2020,94.05832
Belgium,2021,94.47767
Belgium,2022,94.897
Benin,2000,1.1186061
Benin,2001,1.1812387
Benin,2002,1.2469678
Benin,2003,1.3166163
Benin,2004,1.3881971
Benin,2005,1.461655
Benin,2006,1.5369887
Benin,2007,1.614197
Benin,2008,1.693242
Benin,2009,1.7740669
Benin,2010,1.8518775
Benin,2011,1.9281907
Benin,2012,2.00597
Benin,2013,2.0851622
Benin,2014,2.1658812
Benin,2015,2.248074
Benin,2016,2.331724
Benin,2017,2.4168139
Benin,2018,2.503327
Benin,2019,2.5912457
Benin,2020,2.6805525
Benin,2021,2.690868
Benin,2022,2.7012758
Bhutan,2000,37.480263
Bhutan,2001,37.64748
Bhutan,2002,38.806587
Bhutan,2003,39.937508
Bhutan,2004,41.039135
Bhutan,2005,42.10563
Bhutan,2006,43.106792
Bhutan,2007,44.08688
Bhutan,2008,45.04545
Bhutan,2009,45.641956
Bhutan,2010,46.150608
Bhutan,2011,46.627163
Bhutan,2012,47.071377
Bhutan,2013,47.48364
Bhutan,2014,47.86442
Bhutan,2015,48.2142
Bhutan,2016,48.533543
Bhutan,2017,48.8231
Bhutan,2018,49.08346
Bhutan,2019,49.510582
Bhutan,2020,50.073948
Bhutan,2021,50.623253
Bhutan,2022,50.508244
Bosnia and Herzegovina,2000,26.06826
Bosnia and Herzegovina,2001,26.137724
Bosnia and Herzegovina,2002,26.20321
Bosnia and Herzegovina,2003,26.265182
Bosnia and Herzegovina,2004,26.32008
Bosnia and Herzegovina,2005,26.372519
Bosnia and Herzegovina,2006,26.421171
Bosnia and Herzegovina,2007,26.465504
Bosnia and Herzegovina,2008,26.506033
Bosnia and Herzegovina,2009,26.542763
Bosnia and Herzegovina,2010,29.22104
Bosnia and Herzegovina,2011,32.114876
Bosnia and Herzegovina,2012,35.057873
Bosnia and Herzegovina,2013,38.048885
Bosnia and Herzegovina,2014,41.099506
Bosnia and Herzegovina,2015,44.28307
Bosnia and Herzegovina,2016,47.586025
Bosnia and Herzegovina,2017,51.01012
Bosnia and Herzegovina,2018,54.55765
Brazil,2000,35.742043
Brazil,2001,36.167625
Brazil,2002,36.5859
Brazil,2003,37.002148
Brazil,2004,37.416237
Brazil,2005,37.828217
Brazil,2006,38.23828
Brazil,2007,38.64647
Brazil,2008,39.05281
Brazil,2009,39.457043
Brazil,2010,39.859512
Brazil,2011,40.261555
Brazil,2012,41.154324
Brazil,2013,42.062695
Brazil,2014,42.98721
Brazil,2015,43.927658
Brazil,2016,44.883984
Brazil,2017,45.85642
Brazil,2018,46.84473
Brazil,2019,47.84931
Brazil,2020,48.706318
Brazil,2021,49.55151
Brazil,2022,49.58674
Bulgaria,2000,54.931778
Bulgaria,2001,55.33432
Bulgaria,2002,55.772305
Bulgaria,2003,56.241272
Bulgaria,2004,56.74105
Bulgaria,2005,57.27115
Bulgaria,2006,57.83121
Bulgaria,2007,58.421013
Bulgaria,2008,59.040234
Bulgaria,2009,59.688427
Bulgaria,2010,60.58818
Bulgaria,2011,61.568275
Bulgaria,2012,62.570675
Bulgaria,2013,63.59511
Bulgaria,2014,64.74097
Bulgaria,2015,65.95981
Bulgaria,2016,67.20134
Bulgaria,2017,68.465416
Bulgaria,2018,69.451866
Bulgaria,2019,70.444214
Bulgaria,2020,71.44247
Bulgaria,2021,72.44665
Bulgaria,2022,73.456604
Burkina Faso,2000,3.2808
Burkina Faso,2001,3.3726137
Burkina Faso,2002,3.7706816
Burkina Faso,2003,4.160924
Burkina Faso,2004,4.5434422
Burkina Faso,2005,4.9174976
Burkina Faso,2006,5.283181
Burkina Faso,2007,5.6231155
Burkina Faso,2008,5.941994
Burkina Faso,2009,6.253269
Burkina Faso,2010,6.5570507
Burkina Faso,2011,6.8532453
Burkina Faso,2012,7.14168
Burkina Faso,2013,7.422278
Burkina Faso,2014,7.695032
Burkina Faso,2015,7.9597883
Burkina Faso,2016,8.216472
Burkina Faso,2017,8.464845
Burkina Faso,2018,8.704926
Burkina Faso,2019,8.936718
Burkina Faso,2020,9.160082
Burkina Faso,2021,9.456732
Burkina Faso,2022,9.746474
Cambodia,2001,5.7789063
Cambodia,2002,8.264534
Cambodia,2003,10.72614
Cambodia,2004,11.980019
Cambodia,2005,13.183458
Cambodia,2006,14.396611
Cambodia,2007,15.619665
Cambodia,2008,16.860506
Cambodia,2009,18.15228
Cambodia,2010,19.45144
Cambodia,2011,20.757778
Cambodia,2012,22.071087
Cambodia,2013,23.390968
Cambodia,2014,24.717579
Cambodia,2015,26.050512
Cambodia,2016,27.400509
Cambodia,2017,28.95018
Cambodia,2018,30.507421
Cambodia,2019,32.071712
Cambodia,2020,33.642807
Cambodia,2021,35.220196
Cambodia,2022,36.73289
Canada,2000,77.39368
Canada,2001,77.395935
Canada,2002,77.39646
Canada,2003,77.84914
Canada,2004,78.30182
Canada,2005,78.748795
Canada,2006,79.176125
Canada,2007,79.55637
Canada,2008,79.93579
Canada,2009,80.31435
Canada,2010,80.69206
Canada,2011,81.068794
Canada,2012,81.44385
Canada,2013,81.8181
Canada,2014,82.19154
Canada,2015,82.56419
Canada,2016,82.936035
Canada,2017,83.30714
Canada,2018,83.68618
Canada,2019,84.06452
Canada,2020,83.99552
Canada,2021,83.92649
Canada,2022,83.92697
Central African Republic,2000,19.67586
Central African Republic,2001,19.630793
Central African Republic,2002,19.585716
Central African Republic,2003,19.540257
Central African Republic,2004,19.494324
Central African Republic,2005,19.090006
Central African Republic,2006,18.691904
Central African Republic,2007,18.299932
Central African Republic,2008,17.913494
Central African Republic,2009,17.532257
Central African Republic,2010,17.156136
Central African Republic,2011,16.784575
Central African Republic,2012,16.417482
Central African Republic,2013,16.054544
Central African Republic,2014,15.695233
Central African Republic,2015,15.339471
Central African Republic,2016,14.987158
Central African Republic,2017,14.637592
Central African Republic,2018,14.290697
Central African Republic,2019,13.946193
Central African Republic,2020,13.6038065
Central African Republic,2021,13.263273
Central African Republic,2022,13.346911
Central and Southern Asia (SDG),2000,12.411318
Central and Southern Asia (SDG),2001,13.547135
Central and Southern Asia (SDG),2002,14.699064
Central and Southern Asia (SDG),2003,15.854104
Central and Southern Asia (SDG),2004,17.832432
Central and Southern Asia (SDG),2005,19.556145
Central and Southern Asia (SDG),2006,21.296656
Central and Southern Asia (SDG),2007,23.140106
Central and Southern Asia (SDG),2008,24.985027
Central and Southern Asia (SDG),2009,26.832903
Central and Southern Asia (SDG),2010,28.683922
Central and Southern Asia (SDG),2011,30.537252
Central and Southern Asia (SDG),2012,32.3976
Central and Southern Asia (SDG),2013,34.268288
Central and Southern Asia (SDG),2014,36.193806
Central and Southern Asia (SDG),2015,38.133904
Central and Southern Asia (SDG),2016,40.072647
Central and Southern Asia (SDG),2017,41.946926
Central and Southern Asia (SDG),2018,43.76092
Central and Southern Asia (SDG),2019,45.563354
Central and Southern Asia (SDG),2020,47.351048
Central and Southern Asia (SDG),2021,49.104183
Central and Southern Asia (SDG),2022,50.78564
Chad,2000,8.439917
Chad,2001,8.50608
Chad,2002,8.570605
Chad,2003,8.635531
Chad,2004,8.700728
Chad,2005,8.766192
Chad,2006,8.831926
Chad,2007,8.898087
Chad,2008,8.964362
Chad,2009,9.05408
Chad,2010,9.150797
Chad,2011,9.254989
Chad,2012,9.367333
Chad,2013,9.48815
Chad,2014,9.6179495
Chad,2015,9.757477
Chad,2016,9.907292
Chad,2017,10.067973
Chad,2018,10.2403555
Chad,2019,10.42481
Chad,2020,10.622491
Chad,2021,10.833804
Chad,2022,10.912195
Channel Islands,2009,90
Channel Islands,2010,90
Channel Islands,2011,90
Channel Islands,2012,90
Channel Islands,2013,90
Channel Islands,2014,90
Channel Islands,2015,90
Channel Islands,2016,90
Channel Islands,2017,90
Chile,2000,66.548965
Chile,2001,66.90661
Chile,2002,67.249306
Chile,2003,67.545235
Chile,2004,69.61293
Chile,2005,71.69609
Chile,2006,73.79542
Chile,2007,75.910385
Chile,2008,78.04147
Chile,2009,80.18813
Chile,2010,82.35033
Chile,2011,84.52857
Chile,2012,86.7223
Chile,2013,88.93173
Chile,2014,91.156876
Chile,2015,93.36422
Chile,2016,94.94149
Chile,2017,95.21671
Chile,2018,95.16858
Chile,2019,95.2356
Chile,2020,95.26285
Chile,2021,95.29202
Chile,2022,95.32282
China,2000,13.38581
China,2001,13.750477
China,2002,14.491259
China,2003,16.536438
China,2004,18.70512
China,2005,20.993961
China,2006,23.388203
China,2007,25.889128
China,2008,28.501814
China,2009,31.221458
China,2010,34.047245
China,2011,36.950737
China,2012,39.938984
China,2013,43.018974
China,2014,46.18993
China,2015,49.44812
China,2016,52.79106
China,2017,56.212887
China,2018,59.700947
China,2019,63.24984
China,2020,64.60968
China,2021,65.93283
China,2022,67.22023
Colombia,2000,15.316124
Colombia,2001,15.466008
Colombia,2002,15.615039
Colombia,2003,15.763213
Colombia,2004,15.910585
Colombia,2005,16.057161
Colombia,2006,16.202948
Colombia,2007,16.348007
Colombia,2008,16.4923
Colombia,2009,16.63583
Colombia,2010,16.778673
Colombia,2011,16.920845
Colombia,2012,17.062292
Colombia,2013,17.2031
Colombia,2014,17.343283
Colombia,2015,17.482786
Colombia,2016,17.621624
Colombia,2017,17.75989
Colombia,2018,17.8976
Colombia,2019,18.034779
Colombia,2020,18.171364
Colombia,2021,18.307457
Colombia,2022,18.44299
Costa Rica,2000,24.920965
Costa Rica,2001,24.75304
Costa Rica,2002,24.59102
Costa Rica,2003,24.435013
Costa Rica,2004,24.285435
Costa Rica,2005,24.143015
Costa Rica,2006,24.007183
Costa Rica,2007,23.878334
Costa Rica,2008,23.775757
Costa Rica,2009,23.704536
Costa Rica,2010,23.638536
Costa Rica,2011,23.726723
Costa Rica,2012,23.84282
Costa Rica,2013,23.967443
Costa Rica,2014,24.099686
Costa Rica,2015,24.238382
Costa Rica,2016,24.382553
Costa Rica,2017,24.531527
Costa Rica,2018,24.684246
Costa Rica,2019,24.839966
Costa Rica,2020,24.997704
Costa Rica,2021,25.167566
Costa Rica,2022,25.352652
Cote d'Ivoire,2000,9.577645
Cote d'Ivoire,2001,9.918481
Cote d'Ivoire,2002,10.258641
Cote d'Ivoire,2003,10.598006
Cote d'Ivoire,2004,10.9366865
Cote d'Ivoire,2005,11.277505
Cote d'Ivoire,2006,11.621284
Cote d'Ivoire,2007,11.967917
Cote d'Ivoire,2008,12.317304
Cote d'Ivoire,2009,12.669134
Cote d'Ivoire,2010,13.023516
Cote d'Ivoire,2011,13.380342
Cote d'Ivoire,2012,13.739415
Cote d'Ivoire,2013,14.100638
Cote d'Ivoire,2014,14.463914
Cote d'Ivoire,2015,14.829884
Cote d'Ivoire,2016,15.198201
Cote d'Ivoire,2017,15.568775
Cote d'Ivoire,2018,15.941423
Cote d'Ivoire,2019,16.315887
Cote d'Ivoire,2020,16.69199
Cote d'Ivoire,2021,16.97017
Cote d'Ivoire,2022,17.246206
Croatia,2000,78.79695
Croatia,2001,78.844406
Croatia,2002,78.732155
Croatia,2003,78.62049
Croatia,2004,78.50896
Croatia,2005,78.39779
Croatia,2006,78.28699
Croatia,2007,78.176544
Croatia,2008,78.066475
Croatia,2009,77.956764
Croatia,2010,77.84742
Croatia,2011,77.73821
Croatia,2012,77.633385
Croatia,2013,77.532776
Croatia,2014,77.43668
Croatia,2015,77.50991
Croatia,2016,77.586975
Croatia,2017,77.667885
Croatia,2018,77.73481
Croatia,2019,77.805336
Croatia,2020,77.87969
Croatia,2021,77.957405
Cuba,2000,42.525436
Cuba,2001,42.64951
Cuba,2002,42.772633
Cuba,2003,42.904144
Cuba,2004,43.04459
Cuba,2005,42.94197
Cuba,2006,42.83689
Cuba,2007,42.729347
Cuba,2008,42.61934
Cuba,2009,42.50703
Cuba,2010,42.392284
Cuba,2011,42.275093
Cuba,2012,42.155464
Cuba,2013,42.041023
Cuba,2014,41.926384
Cuba,2015,41.80942
Cuba,2016,41.69047
Cuba,2017,41.5671
Cuba,2018,41.43922
Cuba,2019,41.306923
Cuba,2020,41.169952
Cuba,2021,41.02822
Cuba,2022,41.326687
Cyprus,2000,76.26209
Cyprus,2001,76.3014
Cyprus,2002,76.27704
Cyprus,2003,76.163055
Cyprus,2004,76.09144
Cyprus,2005,76.12928
Cyprus,2006,76.16881
Cyprus,2007,76.20911
Cyprus,2008,76.250175
Cyprus,2009,76.2917
Cyprus,2010,76.334
Cyprus,2011,76.37678
Cyprus,2012,76.420334
Cyprus,2013,76.47086
Cyprus,2014,76.52732
Cyprus,2015,76.59044
Cyprus,2016,76.65975
Cyprus,2017,76.735115
Cyprus,2018,76.816055
Cyprus,2019,76.81465
Cyprus,2020,76.81916
Cyprus,2021,76.829025
Cyprus,2022,76.84451
Czechia,2000,85.78718
Czechia,2001,85.80844
Czechia,2002,85.832245
Czechia,2003,85.85688
Czechia,2004,85.88235
Czechia,2005,85.90863
Czechia,2006,85.93574
Czechia,2007,85.963684
Czechia,2008,85.99245
Czechia,2009,86.02204
Czechia,2010,86.05246
Czechia,2011,86.08371
Czechia,2012,86.396835
Czechia,2013,86.723206
Czechia,2014,87.050156
Czechia,2015,87.37755
Czechia,2016,87.705765
Czechia,2017,88.034805
Czechia,2018,88.36443
Czechia,2019,88.69488
Czechia,2020,89.026146
Czechia,2021,89.35822
Czechia,2022,89.69113
Democratic Republic of Congo,2000,22.013296
Democratic Republic of Congo,2001,21.553314
Democratic Republic of Congo,2002,21.097168
Democratic Republic of Congo,2003,20.64489
Democratic Republic of Congo,2004,20.196526
Democratic Republic of Congo,2005,19.752007
Democratic Republic of Congo,2006,19.315544
Democratic Republic of Congo,2007,18.887522
Democratic Republic of Congo,2008,18.46801
Democratic Republic of Congo,2009,17.990438
Democratic Republic of Congo,2010,17.518312
Democratic Republic of Congo,2011,17.051565
Democratic Republic of Congo,2012,16.590126
Democratic Republic of Congo,2013,16.13391
Democratic Republic of Congo,2014,15.682845
Democratic Republic of Congo,2015,15.236829
Democratic Republic of Congo,2016,14.795762
Democratic Republic of Congo,2017,14.359511
Democratic Republic of Congo,2018,13.927993
Democratic Republic of Congo,2019,13.50106
Democratic Republic of Congo,2020,13.078584
Democratic Republic of Congo,2021,13.058407
Democratic Republic of Congo,2022,13.035775
Denmark,2000,94.4719
Denmark,2001,94.4719
Denmark,2002,94.4719
Denmark,2003,94.4719
Denmark,2004,94.4719
Denmark,2005,94.4719
Denmark,2006,94.4719
Denmark,2007,94.4719
Denmark,2008,94.8389
Denmark,2009,95.20348
Denmark,2010,95.56569
Denmark,2011,95.92549
Denmark,2012,96.282906
Denmark,2013,96.63793
Denmark,2014,96.990585
Denmark,2015,97.340866
Denmark,2016,97.688774
Denmark,2017,98.03433
Denmark,2018,98.37754
Denmark,2019,98.55531
Denmark,2020,98.640526
Denmark,2021,98.7227
Denmark,2022,98.80183
Djibouti,2000,26.467293
Djibouti,2001,26.476635
Djibouti,2002,26.48598
Djibouti,2003,26.495321
Djibouti,2004,26.504665
Djibouti,2005,27.38009
Djibouti,2006,28.253185
Djibouti,2007,29.123734
Djibouti,2008,29.991728
Djibouti,2009,30.856947
Djibouti,2010,31.72178
Djibouti,2011,32.58629
Djibouti,2012,33.450314
Djibouti,2013,34.314133
Djibouti,2014,35.177338
Djibouti,2015,36.04066
Djibouti,2016,36.903458
Djibouti,2017,37.766
Djibouti,2018,38.62831
Djibouti,2019,39.490433
Djibouti,2020,39.52545
Djibouti,2021,39.562378
Djibouti,2022,39.601204
Dominican Republic,2000,52.48764
Dominican Republic,2001,52.732513
Dominican Republic,2002,52.28934
Dominican Republic,2003,51.80904
Dominican Republic,2004,51.316296
Dominican Republic,2005,50.828114
Dominican Republic,2006,50.343952
Dominican Republic,2007,49.863853
Dominican Republic,2008,49.387608
Dominican Republic,2009,48.915607
Dominican Republic,2010,48.447094
Dominican Republic,2011,47.989475
Dominican Republic,2012,47.539326
Dominican Republic,2013,47.09123
Dominican Republic,2014,46.644863
Dominican Republic,2015,46.2
Dominican Republic,2016,45.75655
Dominican Republic,2017,45.314518
Dominican Republic,2018,44.874638
Dominican Republic,2019,44.43659
Dominican Republic,2020,44.000076
Dominican Republic,2021,43.564697
Dominican Republic,2022,43.130184
Eastern Mediterranean (WHO),2000,34.581123
Eastern Mediterranean (WHO),2001,35.046806
Eastern Mediterranean (WHO),2002,35.47563
Eastern Mediterranean (WHO),2003,35.91479
Eastern Mediterranean (WHO),2004,36.78834
Eastern Mediterranean (WHO),2005,37.576527
Eastern Mediterranean (WHO),2006,38.51768
Eastern Mediterranean (WHO),2007,39.634613
Eastern Mediterranean (WHO),2008,40.698437
Eastern Mediterranean (WHO),2009,41.685623
Eastern Mediterranean (WHO),2010,42.6153
Eastern Mediterranean (WHO),2011,43.506
Eastern Mediterranean (WHO),2012,44.370388
Eastern Mediterranean (WHO),2013,45.252293
Eastern Mediterranean (WHO),2014,46.168747
Eastern Mediterranean (WHO),2015,47.155655
Eastern Mediterranean (WHO),2016,48.14379
Eastern Mediterranean (WHO),2017,49.054115
Eastern Mediterranean (WHO),2018,49.946587
Eastern Mediterranean (WHO),2019,50.83452
Eastern Mediterranean (WHO),2020,51.645134
Eastern Mediterranean (WHO),2021,54.381306
Eastern Mediterranean (WHO),2022,54.943924
Eastern and South-Eastern Asia (SDG),2000,25.830263
Eastern and South-Eastern Asia (SDG),2001,26.307966
Eastern and South-Eastern Asia (SDG),2002,27.042719
Eastern and South-Eastern Asia (SDG),2003,28.543415
Eastern and South-Eastern Asia (SDG),2004,30.105793
Eastern and South-Eastern Asia (SDG),2005,31.75134
Eastern and South-Eastern Asia (SDG),2006,33.459686
Eastern and South-Eastern Asia (SDG),2007,35.26667
Eastern and South-Eastern Asia (SDG),2008,37.12941
Eastern and South-Eastern Asia (SDG),2009,39.044594
Eastern and South-Eastern Asia (SDG),2010,41.024124
Eastern and South-Eastern Asia (SDG),2011,43.058582
Eastern and South-Eastern Asia (SDG),2012,45.144657
Eastern and South-Eastern Asia (SDG),2013,47.285656
Eastern and South-Eastern Asia (SDG),2014,49.49048
Eastern and South-Eastern Asia (SDG),2015,51.748466
Eastern and South-Eastern Asia (SDG),2016,54.055393
Eastern and South-Eastern Asia (SDG),2017,56.408306
Eastern and South-Eastern Asia (SDG),2018,58.795483
Eastern and South-Eastern Asia (SDG),2019,61.21293
Eastern and South-Eastern Asia (SDG),2020,62.24531
Eastern and South-Eastern Asia (SDG),2021,63.244865
Eastern and South-Eastern Asia (SDG),2022,64.20976
Ecuador,2000,39.98257
Ecuador,2001,40.021774
Ecuador,2002,40.061096
Ecuador,2003,40.10226
Ecuador,2004,40.1388
Ecuador,2005,40.30219
Ecuador,2006,40.460117
Ecuador,2007,40.612335
Ecuador,2008,40.75905
Ecuador,2009,40.90024
Ecuador,2010,41.035763
Ecuador,2011,41.1712
Ecuador,2012,41.305885
Ecuador,2013,41.436104
Ecuador,2014,41.56202
Ecuador,2015,41.68323
Ecuador,2016,41.800114
Ecuador,2017,41.912445
Ecuador,2018,41.95504
Ecuador,2019,41.90062
Ecuador,2020,41.85848
Ecuador,2021,41.804535
Ecuador,2022,41.591995
Egypt,2000,54.030838
Egypt,2001,54.013226
Egypt,2002,53.99485
Egypt,2003,53.97572
Egypt,2004,54.723106
Egypt,2005,55.47312
Egypt,2006,56.225758
Egypt,2007,56.97435
Egypt,2008,57.722065
Egypt,2009,58.473248
Egypt,2010,59.22759
Egypt,2011,59.985394
Egypt,2012,60.74176
Egypt,2013,61.501953
Egypt,2014,62.265713
Egypt,2015,63.03318
Egypt,2016,63.80447
Egypt,2017,64.582275
Egypt,2018,65.40683
Egypt,2019,66.27778
Egypt,2020,67.15456
Egypt,2021,67.162125
Egypt,2022,67.17219
Estonia,2000,91.670235
Estonia,2001,91.54687
Estonia,2002,91.42045
Estonia,2003,91.25463
Estonia,2004,91.170135
Estonia,2005,91.084305
Estonia,2006,90.99701
Estonia,2007,90.90836
Estonia,2008,90.81836
Estonia,2009,90.727005
Estonia,2010,90.63414
Estonia,2011,90.53991
Estonia,2012,90.46796
Estonia,2013,90.42113
Estonia,2014,90.376305
Estonia,2015,90.38788
Estonia,2016,90.40167
Estonia,2017,90.419136
Estonia,2018,90.44083
Estonia,2019,90.41254
Estonia,2020,90.41972
Estonia,2021,90.41785
Estonia,2022,90.42082
Ethiopia,2000,2.156488
Ethiopia,2001,2.395848
Ethiopia,2002,2.628727
Ethiopia,2003,2.861281
Ethiopia,2004,3.1032608
Ethiopia,2005,3.3419855
Ethiopia,2006,3.577616
Ethiopia,2007,3.811943
Ethiopia,2008,4.063624
Ethiopia,2009,4.312991
Ethiopia,2010,4.5605
Ethiopia,2011,4.806023
Ethiopia,2012,5.04991
Ethiopia,2013,5.289333
Ethiopia,2014,5.5271206
Ethiopia,2015,5.763272
Ethiopia,2016,5.998034
Ethiopia,2017,6.2312856
Ethiopia,2018,6.4635344
Ethiopia,2019,6.69492
Ethiopia,2020,6.925458
Ethiopia,2021,7.155423
Ethiopia,2022,7.219802
Europe (WHO),2000,69.72235
Europe (WHO),2001,69.67287
Europe (WHO),2002,69.86973
Europe (WHO),2003,70.072136
Europe (WHO),2004,70.42894
Europe (WHO),2005,70.786156
Europe (WHO),2006,71.110435
Europe (WHO),2007,71.46397
Europe (WHO),2008,71.82133
Europe (WHO),2009,72.30375
Europe (WHO),2010,72.81494
Europe (WHO),2011,73.336365
Europe (WHO),2012,73.851494
Europe (WHO),2013,74.36772
Europe (WHO),2014,74.874245
Europe (WHO),2015,75.38551
Europe (WHO),2016,75.88386
Europe (WHO),2017,76.426926
Europe (WHO),2018,76.94208
Europe (WHO),2019,77.35383
Europe (WHO),2020,77.64837
Europe (WHO),2021,77.95278
Europe (WHO),2022,78.286964
Europe and Northern America (SDG),2000,78.17334
Europe and Northern America (SDG),2001,78.20931
Europe and Northern America (SDG),2002,78.41499
Europe and Northern America (SDG),2003,78.64791
Europe and Northern America (SDG),2004,78.92763
Europe and Northern America (SDG),2005,79.20626
Europe and Northern America (SDG),2006,79.4423
Europe and Northern America (SDG),2007,79.71403
Europe and Northern America (SDG),2008,79.98417
Europe and Northern America (SDG),2009,80.35322
Europe and Northern America (SDG),2010,80.75088
Europe and Northern America (SDG),2011,81.14506
Europe and Northern America (SDG),2012,81.52814
Europe and Northern America (SDG),2013,81.906136
Europe and Northern America (SDG),2014,82.264946
Europe and Northern America (SDG),2015,82.60736
Europe and Northern America (SDG),2016,82.94154
Europe and Northern America (SDG),2017,83.29943
Europe and Northern America (SDG),2018,83.62303
Europe and Northern America (SDG),2019,83.85152
Europe and Northern America (SDG),2020,83.96759
Europe and Northern America (SDG),2021,84.08797
Europe and Northern America (SDG),2022,84.23759
Fiji,2000,42.906708
Fiji,2001,42.898014
Fiji,2002,42.88932
Fiji,2003,43.44612
Fiji,2004,43.99712
Fiji,2005,44.542427
Fiji,2006,44.950703
Fiji,2007,45.3501
Fiji,2008,45.73431
Fiji,2009,46.106647
Fiji,2010,46.46844
Fiji,2011,46.819912
Fiji,2012,47.160946
Fiji,2013,47.49199
Fiji,2014,47.812836
Fiji,2015,48.123547
Fiji,2016,48.4243
Fiji,2017,48.71531
Fiji,2018,48.996536
Fiji,2019,49.268486
Fiji,2020,49.23889
Fiji,2021,49.016064
Fiji,2022,48.79404
Finland,2000,86.482155
Finland,2001,86.642525
Finland,2002,86.802895
Finland,2003,86.96327
Finland,2004,87.12364
Finland,2005,87.28401
Finland,2006,87.44439
Finland,2007,87.60476
Finland,2008,87.76513
Finland,2009,87.92551
Finland,2010,88.08586
Finland,2011,88.24621
Finland,2012,88.40656
Finland,2013,88.566925
Finland,2014,88.7273
Finland,2015,88.88768
Finland,2016,89.04805
Finland,2017,89.208435
Finland,2018,89.368805
Finland,2019,89.52918
Finland,2020,89.68956
Finland,2021,89.84994
Finland,2022,90.010315
France,2000,88.83075
France,2001,88.84921
France,2002,88.86768
France,2003,88.86521
France,2004,88.86272
France,2005,88.860214
France,2006,88.85768
France,2007,88.85513
France,2008,88.852554
France,2009,88.849945
France,2010,88.847305
France,2011,88.844635
France,2012,88.921425
France,2013,88.99779
France,2014,89.07371
France,2015,89.14919
France,2016,89.224236
France,2017,89.29885
France,2018,89.373024
France,2019,89.44677
France,2020,89.52007
France,2021,89.59294
France,2022,89.66538
French Guiana,2001,69.8496
French Guiana,2002,69.8496
French Guiana,2003,69.8496
French Guiana,2004,69.8496
French Guiana,2005,69.8496
French Guiana,2006,70.172775
French Guiana,2007,70.49596
French Guiana,2008,70.81914
French Guiana,2009,71.14231
French Guiana,2010,71.46549
French Guiana,2011,71.78867
French Guiana,2012,72.111855
French Guiana,2013,72.43503
French Guiana,2014,72.75821
French Guiana,2015,73.08139
French Guiana,2016,73.404564
French Guiana,2017,73.727745
French Guiana,2018,74.05093
French Guiana,2019,74.3741
French Guiana,2020,74.69728
French Guiana,2021,75.02046
French Guiana,2022,75.02046
Gambia,2000,43.242573
Gambia,2001,42.036366
Gambia,2002,40.853184
Gambia,2003,39.73583
Gambia,2004,38.670227
Gambia,2005,38.077393
Gambia,2006,37.489872
Gambia,2007,36.906696
Gambia,2008,36.32675
Gambia,2009,35.749664
Gambia,2010,35.173958
Gambia,2011,34.59887
Gambia,2012,34.02319
Gambia,2013,33.44626
Gambia,2014,32.866913
Gambia,2015,32.28393
Gambia,2016,31.696053
Gambia,2017,31.101936
Gambia,2018,30.500277
Gambia,2019,29.889767
Gambia,2020,29.269127
Gambia,2021,28.633987
Gambia,2022,27.986057
Georgia,2000,42.61429
Georgia,2001,41.972595
Georgia,2002,41.18489
Georgia,2003,40.286274
Georgia,2004,39.423504
Georgia,2005,38.558765
Georgia,2006,37.691784
Georgia,2007,36.822514
Georgia,2008,35.951176
Georgia,2009,35.07774
Georgia,2010,34.201923
Georgia,2011,33.323944
Georgia,2012,32.44351
Georgia,2013,31.561104
Georgia,2014,30.647446
Georgia,2015,29.729855
Georgia,2016,28.805948
Georgia,2017,27.876421
Georgia,2018,26.940672
Georgia,2019,25.99887
Georgia,2020,25.117428
Georgia,2021,24.552507
Georgia,2022,24.077852
Germany,2000,95.87851
Germany,2001,95.89283
Germany,2002,95.90709
Germany,2003,95.92127
Germany,2004,95.990204
Germany,2005,96.05909
Germany,2006,96.12785
Germany,2007,96.19664
Germany,2008,96.26531
Germany,2009,96.33394
Germany,2010,96.40252
Germany,2011,96.471054
Germany,2012,96.52665
Germany,2013,96.582245
Germany,2014,96.63785
Germany,2015,96.69345
Germany,2016,96.750046
Germany,2017,96.807556
Germany,2018,96.866066
Germany,2019,96.8706
Germany,2020,96.876045
Germany,2021,96.88249
Germany,2022,96.88985
Ghana,2000,3.6086273
Ghana,2001,3.6665802
Ghana,2002,4.216003
Ghana,2003,4.7721453
Ghana,2004,5.334496
Ghana,2005,5.9019976
Ghana,2006,6.473387
Ghana,2007,7.048961
Ghana,2008,7.6281843
Ghana,2009,8.210456
Ghana,2010,8.7953415
Ghana,2011,9.382249
Ghana,2012,9.970653
Ghana,2013,10.560037
Ghana,2014,11.149931
Ghana,2015,11.739869
Ghana,2016,12.329393
Ghana,2017,12.918062
Ghana,2018,13.505446
Ghana,2019,14.091147
Ghana,2020,14.674738
Ghana,2021,15.25585
Ghana,2022,15.834102
Greece,2000,77.10524
Greece,2001,77.764145
Greece,2002,78.480194
Greece,2003,79.19377
Greece,2004,79.9055
Greece,2005,80.614494
Greece,2006,81.32107
Greece,2007,82.02555
Greece,2008,82.727936
Greece,2009,83.42767
Greece,2010,84.12508
Greece,2011,84.82044
Greece,2012,85.51408
Greece,2013,86.205414
Greece,2014,86.894485
Greece,2015,87.63944
Greece,2016,88.38519
Greece,2017,89.12829
Greece,2018,89.869026
Greece,2019,90.607155
Greece,2020,91.34298
Greece,2021,92.07623
Greece,2022,92.160355
Greenland,2014,0
Greenland,2015,0
Greenland,2016,0
Greenland,2017,0
Greenland,2018,0
Greenland,2019,0
Greenland,2020,0
Greenland,2021,0
Greenland,2022,0
Guinea-Bissau,2004,3.013406
Guinea-Bissau,2005,3.645374
Guinea-Bissau,2006,4.318731
Guinea-Bissau,2007,4.9996924
Guinea-Bissau,2008,5.6884317
Guinea-Bissau,2009,6.3848853
Guinea-Bissau,2010,7.0894723
Guinea-Bissau,2011,7.8021336
Guinea-Bissau,2012,8.523058
Guinea-Bissau,2013,9.252264
Guinea-Bissau,2014,9.989944
Guinea-Bissau,2015,10.736212
Guinea-Bissau,2016,11.49108
Guinea-Bissau,2017,12.254659
Guinea-Bissau,2018,13.027152
Guinea-Bissau,2019,13.808574
Guinea-Bissau,2020,14.599034
Guinea-Bissau,2021,15.3986435
Guinea-Bissau,2022,15.443575
Guyana,2000,55.398872
Guyana,2001,54.862263
Guyana,2002,54.325493
Guyana,2003,53.809166
Guyana,2004,53.344795
Guyana,2005,52.878395
Guyana,2006,52.40982
Guyana,2007,51.93926
Guyana,2008,51.46673
Guyana,2009,50.992092
Guyana,2010,50.51553
Guyana,2011,50.03706
Guyana,2012,49.521072
Guyana,2013,49.004078
Guyana,2014,48.48397
Guyana,2015,47.96097
Guyana,2016,47.434982
Guyana,2017,46.905922
Guyana,2018,46.37428
Guyana,2019,45.839676
Guyana,2020,45.302315
Guyana,2021,44.762245
Guyana,2022,44.219517
High-income countries,2000,86.568634
High-income countries,2001,86.55974
High-income countries,2002,86.6984
High-income countries,2003,86.86173
High-income countries,2004,87.10192
High-income countries,2005,87.34123
High-income countries,2006,87.5805
High-income countries,2007,87.833664
High-income countries,2008,88.08965
High-income countries,2009,88.37046
High-income countries,2010,88.660385
High-income countries,2011,88.95049
High-income countries,2012,89.24099
High-income countries,2013,89.53499
High-income countries,2014,89.83567
High-income countries,2015,90.13129
High-income countries,2016,90.41134
High-income countries,2017,90.66791
High-income countries,2018,90.882515
High-income countries,2019,91.04039
High-income countries,2020,91.14379
High-income countries,2021,91.23406
High-income countries,2022,91.24387
Honduras,2000,43.533737
Honduras,2001,44.17157
Honduras,2002,44.781677
Honduras,2003,45.376774
Honduras,2004,45.957783
Honduras,2005,46.450626
Honduras,2006,46.927505
Honduras,2007,47.388798
Honduras,2008,47.83445
Honduras,2009,48.26509
Honduras,2010,48.68033
Honduras,2011,49.080845
Honduras,2012,49.466187
Honduras,2013,49.83731
Honduras,2014,50.193737
Honduras,2015,50.536766
Honduras,2016,50.86615
Honduras,2017,51.18235
Honduras,2018,51.485836
Honduras,2019,51.776863
Honduras,2020,52.055676
Honduras,2021,52.3228
Honduras,2022,52.606056
Hong Kong,2000,75.208
Hong Kong,2001,75.208
Hong Kong,2002,75.208
Hong Kong,2003,75.208
Hong Kong,2004,75.19485
Hong Kong,2005,75.18169
Hong Kong,2006,75.16853
Hong Kong,2007,75.15537
Hong Kong,2008,75.14222
Hong Kong,2009,75.12907
Hong Kong,2010,75.115906
Hong Kong,2011,75.10275
Hong Kong,2012,75.08959
Hong Kong,2013,75.07644
Hong Kong,2014,77.64037
Hong Kong,2015,80.20431
Hong Kong,2016,82.768234
Hong Kong,2017,85.33215
Hong Kong,2018,87.896065
Hong Kong,2019,90.45998
Hong Kong,2020,93.02387
Hong Kong,2021,95.60089
Hong Kong,2022,96.50417
Hungary,2000,65.70401
Hungary,2001,65.42653
Hungary,2002,65.15981
Hungary,2003,64.89434
Hungary,2004,66.17102
Hungary,2005,67.49288
Hungary,2006,68.8608
Hungary,2007,70.27147
Hungary,2008,71.72432
Hungary,2009,73.21874
Hungary,2010,74.74923
Hungary,2011,76.319595
Hungary,2012,77.9181
Hungary,2013,79.5504
Hungary,2014,81.22007
Hungary,2015,82.92683
Hungary,2016,84.67584
Hungary,2017,86.90457
Hungary,2018,87.722206
Hungary,2019,87.75111
Hungary,2020,87.78049
Hungary,2021,87.81037
Hungary,2022,87.840645
India,2000,6.096392
India,2001,7.3994
India,2002,8.782426
India,2003,10.177467
India,2004,12.560897
India,2005,14.661089
India,2006,16.769518
India,2007,18.963005
India,2008,21.169353
India,2009,23.388208
India,2010,25.619543
India,2011,27.863255
India,2012,30.119352
India,2013,32.387146
India,2014,34.665985
India,2015,36.955173
India,2016,39.254017
India,2017,41.475643
India,2018,43.62501
India,2019,45.766422
India,2020,47.899597
India,2021,50.024147
India,2022,52.139935
Iraq,2000,25.581808
Iraq,2001,26.604763
Iraq,2002,27.626427
Iraq,2003,28.646797
Iraq,2004,29.66588
Iraq,2005,30.297497
Iraq,2006,30.982014
Iraq,2007,31.720968
Iraq,2008,32.51589
Iraq,2009,33.36829
Iraq,2010,34.281174
Iraq,2011,35.255962
Iraq,2012,36.293095
Iraq,2013,37.988403
Iraq,2014,39.783016
Iraq,2015,41.67487
Iraq,2016,43.66219
Iraq,2017,45.753647
Iraq,2018,47.810154
Iraq,2019,49.60936
Iraq,2020,51.366325
Iraq,2021,52.06429
Iraq,2022,52.76525
Ireland,2000,54.768917
Ireland,2001,56.124065
Ireland,2002,57.49084
Ireland,2003,58.863285
Ireland,2004,60.24505
Ireland,2005,61.63633
Ireland,2006,63.168766
Ireland,2007,64.722336
Ireland,2008,66.292496
Ireland,2009,67.879166
Ireland,2010,69.48232
Ireland,2011,71.10194
Ireland,2012,72.737976
Ireland,2013,74.36133
Ireland,2014,76.00192
Ireland,2015,77.65963
Ireland,2016,79.00955
Ireland,2017,79.111694
Ireland,2018,79.21712
Ireland,2019,79.40341
Ireland,2020,79.59273
Ireland,2021,79.784874
Ireland,2022,79.7968
Isle of Man,2000,84.82143
Isle of Man,2001,84.82143
Isle of Man,2002,84.82143
Isle of Man,2003,84.82143
Isle of Man,2004,84.82143
Isle of Man,2005,84.82143
Isle of Man,2006,84.82143
Isle of Man,2007,84.82143
Isle of Man,2008,84.82143
Isle of Man,2009,84.82143
Isle of Man,2010,84.82143
Isle of Man,2011,84.82143
Isle of Man,2012,84.82143
Isle of Man,2013,84.82143
Isle of Man,2014,84.82143
Isle of Man,2015,84.82143
Isle of Man,2016,84.82143
Isle of Man,2017,84.82143
Isle of Man,2018,84.82143
Isle of Man,2019,84.82143
Isle of Man,2020,84.82143
Isle of Man,2021,84.82143
Isle of Man,2022,84.82143
Israel,2000,80.20515
Israel,2001,80.90918
Israel,2002,81.615746
Israel,2003,82.32489
Israel,2004,83.0366
Israel,2005,83.750854
Israel,2006,84.467674
Israel,2007,85.18705
Israel,2008,85.90899
Israel,2009,86.633484
Israel,2010,87.360596
Israel,2011,88.08824
Israel,2012,88.81711
Israel,2013,89.54865
Israel,2014,90.28285
Israel,2015,91.019714
Israel,2016,91.75925
Israel,2017,92.50147
Israel,2018,93.24637
Israel,2019,93.99393
Israel,2020,94.7442
Israel,2021,95.49715
Israel,2022,96.252785
Italy,2000,78.92176
Italy,2001,78.92257
Italy,2002,78.9239
Italy,2003,78.92548
Italy,2004,78.930664
Italy,2005,78.93583
Italy,2006,78.940994
Italy,2007,78.94617
Italy,2008,78.95133
Italy,2009,78.95649
Italy,2010,78.961655
Italy,2011,78.96681
Italy,2012,78.97361
Italy,2013,78.98113
Italy,2014,78.98864
Italy,2015,78.99615
Italy,2016,79.00361
Italy,2017,79.01106
Italy,2018,79.014984
Italy,2019,79.01896
Italy,2020,79.023
Italy,2021,79.02709
Italy,2022,79.03125
Japan,2000,96.40438
Japan,2001,96.55231
Japan,2002,96.69402
Japan,2003,96.831955
Japan,2004,96.96611
Japan,2005,97.09648
Japan,2006,97.22307
Japan,2007,97.39781
Japan,2008,97.567345
Japan,2009,97.73166
Japan,2010,97.890724
Japan,2011,98.04455
Japan,2012,98.19309
Japan,2013,98.336365
Japan,2014,98.47434
Japan,2015,98.60701
Japan,2016,98.73435
Japan,2017,98.85635
Japan,2018,98.92199
Japan,2019,98.979324
Japan,2020,99.03489
Japan,2021,99.08871
Japan,2022,99.140755
Jordan,2000,75.99203
Jordan,2001,75.97031
Jordan,2002,75.98596
Jordan,2003,75.98939
Jordan,2004,76.00247
Jordan,2005,76.52463
Jordan,2006,77.17947
Jordan,2007,77.79234
Jordan,2008,78.36581
Jordan,2009,78.92007
Jordan,2010,79.436165
Jordan,2011,79.914635
Jordan,2012,80.35841
Jordan,2013,80.76824
Jordan,2014,81.14779
Jordan,2015,81.34134
Jordan,2016,81.530045
Jordan,2017,81.7132
Jordan,2018,81.89099
Jordan,2019,82.063835
Jordan,2020,82.23163
Jordan,2021,82.28427
Jordan,2022,82.33515
Kenya,2000,24.467134
Kenya,2001,24.764185
Kenya,2002,25.103312
Kenya,2003,25.443958
Kenya,2004,25.786173
Kenya,2005,26.130102
Kenya,2006,26.475693
Kenya,2007,26.822998
Kenya,2008,27.135998
Kenya,2009,27.446505
Kenya,2010,27.757341
Kenya,2011,28.068283
Kenya,2012,28.379389
Kenya,2013,28.690567
Kenya,2014,29.00193
Kenya,2015,29.313435
Kenya,2016,29.6251
Kenya,2017,29.93693
Kenya,2018,30.2489
Kenya,2019,30.561113
Kenya,2020,30.87349
Kenya,2021,31.1861
Kenya,2022,31.498903
Kiribati,2000,16.991768
Kiribati,2001,17.726189
Kiribati,2002,18.41394
Kiribati,2003,19.101572
Kiribati,2004,19.788994
Kiribati,2005,20.230467
Kiribati,2006,20.703539
Kiribati,2007,21.198654
Kiribati,2008,21.520466
Kiribati,2009,21.829268
Kiribati,2010,22.124958
Kiribati,2011,22.40736
Kiribati,2012,22.676302
Kiribati,2013,22.931456
Kiribati,2014,23.172806
Kiribati,2015,23.400166
Kiribati,2016,23.613037
Kiribati,2017,23.811443
Kiribati,2018,23.995558
Kiribati,2019,24.165514
Kiribati,2020,24.321442
Kiribati,2021,24.463509
Kiribati,2022,24.79231
Kuwait,2000,100
Kuwait,2001,100
Kuwait,2002,100
Kuwait,2003,100
Kuwait,2004,100
Kuwait,2005,100
Kuwait,2006,100
Kuwait,2007,100
Kuwait,2008,100
Kuwait,2009,100
Kuwait,2010,100
Kuwait,2011,100
Kuwait,2012,100
Kuwait,2013,100
Kuwait,2014,100
Kuwait,2015,100
Kuwait,2016,100
Kuwait,2017,100
Kuwait,2018,100
Kuwait,2019,100
Kuwait,2020,100
Kuwait,2021,100
Kuwait,2022,100
Kyrgyzstan,2000,85.11296
Kyrgyzstan,2001,85.22755
Kyrgyzstan,2002,85.6303
Kyrgyzstan,2003,86.0301
Kyrgyzstan,2004,86.42672
Kyrgyzstan,2005,86.910965
Kyrgyzstan,2006,87.385666
Kyrgyzstan,2007,87.85231
Kyrgyzstan,2008,88.31665
Kyrgyzstan,2009,88.77857
Kyrgyzstan,2010,89.23541
Kyrgyzstan,2011,89.68703
Kyrgyzstan,2012,90.13326
Kyrgyzstan,2013,90.574326
Kyrgyzstan,2014,91.01007
Kyrgyzstan,2015,91.440475
Kyrgyzstan,2016,91.81083
Kyrgyzstan,2017,91.992516
Kyrgyzstan,2018,92.169846
Kyrgyzstan,2019,92.343185
Kyrgyzstan,2020,92.51465
Kyrgyzstan,2021,92.57593
Kyrgyzstan,2022,92.6361
Land Locked Developing Countries,2000,23.73371
Land Locked Developing Countries,2001,24.055471
Land Locked Developing Countries,2002,24.306807
Land Locked Developing Countries,2003,24.559687
Land Locked Developing Countries,2004,24.93419
Land Locked Developing Countries,2005,25.343287
Land Locked Developing Countries,2006,25.753685
Land Locked Developing Countries,2007,26.179037
Land Locked Developing Countries,2008,26.606861
Land Locked Developing Countries,2009,27.03194
Land Locked Developing Countries,2010,27.46288
Land Locked Developing Countries,2011,27.452442
Land Locked Developing Countries,2012,27.939337
Land Locked Developing Countries,2013,28.433136
Land Locked Developing Countries,2014,28.93859
Land Locked Developing Countries,2015,29.44741
Land Locked Developing Countries,2016,29.927338
Land Locked Developing Countries,2017,30.407955
Land Locked Developing Countries,2018,30.861433
Land Locked Developing Countries,2019,31.283007
Land Locked Developing Countries,2020,31.621027
Land Locked Developing Countries,2021,31.974154
Land Locked Developing Countries,2022,32.15079
Laos,2000,21.747082
Laos,2001,24.395634
Laos,2002,26.766674
Laos,2003,29.112247
Laos,2004,31.43161
Laos,2005,33.665337
Laos,2006,35.782345
Laos,2007,37.87868
Laos,2008,39.95489
Laos,2009,42.010113
Laos,2010,44.044697
Laos,2011,46.058586
Laos,2012,48.051865
Laos,2013,50.02396
Laos,2014,51.975273
Laos,2015,53.905678
Laos,2016,55.815266
Laos,2017,57.703804
Laos,2018,59.57138
Laos,2019,61.05862
Laos,2020,61.081417
Laos,2021,61.104362
Laos,2022,61.127445
Latin America and the Caribbean (SDG),2000,30.31921
Latin America and the Caribbean (SDG),2001,30.674143
Latin America and the Caribbean (SDG),2002,30.971468
Latin America and the Caribbean (SDG),2003,31.645441
Latin America and the Caribbean (SDG),2004,32.37861
Latin America and the Caribbean (SDG),2005,33.122402
Latin America and the Caribbean (SDG),2006,33.878334
Latin America and the Caribbean (SDG),2007,34.64425
Latin America and the Caribbean (SDG),2008,35.41955
Latin America and the Caribbean (SDG),2009,36.212967
Latin America and the Caribbean (SDG),2010,37.017986
Latin America and the Caribbean (SDG),2011,37.846783
Latin America and the Caribbean (SDG),2012,38.856514
Latin America and the Caribbean (SDG),2013,39.883026
Latin America and the Caribbean (SDG),2014,40.927185
Latin America and the Caribbean (SDG),2015,41.986588
Latin America and the Caribbean (SDG),2016,43.04346
Latin America and the Caribbean (SDG),2017,44.042362
Latin America and the Caribbean (SDG),2018,45.139206
Latin America and the Caribbean (SDG),2019,46.254997
Latin America and the Caribbean (SDG),2020,47.281826
Latin America and the Caribbean (SDG),2021,48.407272
Latin America and the Caribbean (SDG),2022,49.1682
Latvia,2000,66.77258
Latvia,2001,66.76047
Latvia,2002,66.95748
Latvia,2003,67.08597
Latvia,2004,67.166664
Latvia,2005,67.24608
Latvia,2006,68.32718
Latvia,2007,69.41412
Latvia,2008,70.510025
Latvia,2009,71.618385
Latvia,2010,72.7388
Latvia,2011,73.86738
Latvia,2012,75.00398
Latvia,2013,76.14851
Latvia,2014,77.30085
Latvia,2015,78.622375
Latvia,2016,79.957634
Latvia,2017,81.30655
Latvia,2018,82.45056
Latvia,2019,83.60609
Latvia,2020,84.676636
Latvia,2021,85.2434
Least Developed Countries,2000,14.350252
Least Developed Countries,2001,14.8166685
Least Developed Countries,2002,15.290686
Least Developed Countries,2003,15.759827
Least Developed Countries,2004,16.24984
Least Developed Countries,2005,16.785732
Least Developed Countries,2006,17.3225
Least Developed Countries,2007,17.842184
Least Developed Countries,2008,18.37407
Least Developed Countries,2009,18.870321
Least Developed Countries,2010,19.35349
Least Developed Countries,2011,19.677977
Least Developed Countries,2012,20.146837
Least Developed Countries,2013,20.61337
Least Developed Countries,2014,21.159323
Least Developed Countries,2015,21.716124
Least Developed Countries,2016,22.271826
Least Developed Countries,2017,22.84303
Least Developed Countries,2018,23.374882
Least Developed Countries,2019,23.892103
Least Developed Countries,2020,24.400303
Least Developed Countries,2021,26.392294
Least Developed Countries,2022,26.675226
Lebanon,2000,17.85218
Lebanon,2001,17.85218
Lebanon,2002,17.85218
Lebanon,2003,18.346857
Lebanon,2004,18.841534
Lebanon,2005,19.33621
Lebanon,2006,19.830887
Lebanon,2007,20.325563
Lebanon,2008,20.82024
Lebanon,2009,21.314917
Lebanon,2010,21.809593
Lebanon,2011,22.30427
Lebanon,2012,22.798946
Lebanon,2013,23.293623
Lebanon,2014,23.7883
Lebanon,2015,24.282976
Lebanon,2016,24.777653
Lebanon,2017,25.27233
Lebanon,2018,25.767006
Lebanon,2019,26.19341
Lebanon,2020,25.97333
Lebanon,2021,25.67268
Lebanon,2022,25.67268
Lesotho,2000,6.956036
Lesotho,2001,9.249417
Lesotho,2002,11.53088
Lesotho,2003,13.758992
Lesotho,2004,15.9604025
Lesotho,2005,18.129541
Lesotho,2006,20.271412
Lesotho,2007,22.382463
Lesotho,2008,24.468119
Lesotho,2009,26.528214
Lesotho,2010,28.562729
Lesotho,2011,30.571552
Lesotho,2012,32.5578
Lesotho,2013,34.521244
Lesotho,2014,36.461853
Lesotho,2015,38.37957
Lesotho,2016,40.274487
Lesotho,2017,42.146564
Lesotho,2018,43.99523
Lesotho,2019,45.8204
Lesotho,2020,47.621685
Lesotho,2021,47.5696
Lesotho,2022,47.516247
Libya,2000,27.135672
Libya,2001,26.930405
Libya,2002,26.725136
Libya,2003,26.519869
Libya,2004,26.314602
Libya,2005,26.109335
Libya,2006,25.904068
Libya,2007,25.6988
Libya,2008,25.493532
Libya,2009,25.288265
Libya,2010,25.082998
Libya,2011,24.877731
Libya,2012,24.672462
Libya,2013,24.467196
Libya,2014,24.261929
Libya,2015,24.056662
Libya,2016,23.829548
Libya,2017,23.830044
Libya,2018,23.83054
Libya,2019,23.83054
Libya,2020,23.83054
Libya,2021,23.83054
Libya,2022,23.83054
Liechtenstein,2000,96.22128
Liechtenstein,2001,96.22128
Liechtenstein,2002,96.22128
Liechtenstein,2003,96.22128
Liechtenstein,2004,96.22128
Liechtenstein,2005,96.22128
Liechtenstein,2006,96.22128
Liechtenstein,2007,96.22128
Liechtenstein,2008,96.22128
Liechtenstein,2009,96.22128
Liechtenstein,2010,96.22128
Liechtenstein,2011,96.22128
Liechtenstein,2012,96.22128
Liechtenstein,2013,96.22128
Liechtenstein,2014,96.22128
Liechtenstein,2015,96.22128
Liechtenstein,2016,96.22128
Liechtenstein,2017,96.22128
Liechtenstein,2018,96.22128
Liechtenstein,2019,96.22128
Liechtenstein,2020,96.22128
Liechtenstein,2021,96.22128
Liechtenstein,2022,96.22128
Lithuania,2000,80.43114
Lithuania,2001,80.81108
Lithuania,2002,81.18634
Lithuania,2003,81.56307
Lithuania,2004,81.94126
Lithuania,2005,82.33817
Lithuania,2006,82.75228
Lithuania,2007,83.16526
Lithuania,2008,83.577095
Lithuania,2009,84.023964
Lithuania,2010,84.46117
Lithuania,2011,85.51692
Lithuania,2012,86.605865
Lithuania,2013,87.708534
Lithuania,2014,88.830894
Lithuania,2015,89.95668
Lithuania,2016,91.08762
Lithuania,2017,92.22336
Lithuania,2018,93.23426
Lithuania,2019,93.755295
Lithuania,2020,94.27522
Lithuania,2021,94.79334
Lithuania,2022,95.30674
Low-income countries,2000,14.672924
Low-income countries,2001,14.792288
Low-income countries,2002,15.30013
Low-income countries,2003,15.503581
Low-income countries,2004,15.821947
Low-income countries,2005,16.224112
Low-income countries,2006,16.673101
Low-income countries,2007,17.138792
Low-income countries,2008,17.539537
Low-income countries,2009,17.89024
Low-income countries,2010,18.248343
Low-income countries,2011,18.356255
Low-income countries,2012,18.645021
Low-income countries,2013,18.860323
Low-income countries,2014,19.068851
Low-income countries,2015,19.355146
Low-income countries,2016,19.69783
Low-income countries,2017,20.082691
Low-income countries,2018,20.436733
Low-income countries,2019,20.836226
Low-income countries,2020,21.197319
Low-income countries,2021,24.046148
Low-income countries,2022,24.356556
Lower-middle-income countries,2000,18.422932
Lower-middle-income countries,2001,19.31018
Lower-middle-income countries,2002,20.222591
Lower-middle-income countries,2003,21.142443
Lower-middle-income countries,2004,22.625574
Lower-middle-income countries,2005,23.938292
Lower-middle-income countries,2006,25.26955
Lower-middle-income countries,2007,26.683748
Lower-middle-income countries,2008,28.092625
Lower-middle-income countries,2009,29.527443
Lower-middle-income countries,2010,30.958902
Lower-middle-income countries,2011,32.401226
Lower-middle-income countries,2012,33.840755
Lower-middle-income countries,2013,35.2861
Lower-middle-income countries,2014,36.766777
Lower-middle-income countries,2015,38.246426
Lower-middle-income countries,2016,39.713924
Lower-middle-income countries,2017,41.13294
Lower-middle-income countries,2018,42.50311
Lower-middle-income countries,2019,43.825993
Lower-middle-income countries,2020,45.129093
Lower-middle-income countries,2021,46.364544
Lower-middle-income countries,2022,47.521828
Luxembourg,2000,92.15801
Luxembourg,2001,92.20374
Luxembourg,2002,92.23684
Luxembourg,2003,92.26909
Luxembourg,2004,92.29989
Luxembourg,2005,92.32945
Luxembourg,2006,92.35831
Luxembourg,2007,92.386375
Luxembourg,2008,92.41381
Luxembourg,2009,92.4403
Luxembourg,2010,92.46615
Luxembourg,2011,92.49128
Luxembourg,2012,92.51524
Luxembourg,2013,92.84367
Luxembourg,2014,93.172264
Luxembourg,2015,93.50064
Luxembourg,2016,93.828766
Luxembourg,2017,94.15675
Luxembourg,2018,94.4854
Luxembourg,2019,94.81386
Luxembourg,2020,95.14211
Luxembourg,2021,95.47022
Luxembourg,2022,95.79827
Macao,2000,55.030777
Macao,2001,55.030777
Macao,2002,55.030777
Macao,2003,55.030777
Macao,2004,55.030777
Macao,2005,55.030777
Macao,2006,55.030777
Macao,2007,55.030777
Macao,2008,55.030777
Macao,2009,55.030777
Macao,2010,56.0378
Macao,2011,57.044827
Macao,2012,58.051853
Macao,2013,59.05888
Macao,2014,60.065903
Macao,2015,61.07293
Macao,2016,62.079956
Macao,2017,63.086983
Macao,2018,64.09401
Macao,2019,65.101036
Macao,2020,66.108055
Macao,2021,67.11508
Macao,2022,68.12211
Madagascar,2000,3.1694288
Madagascar,2001,3.564405
Madagascar,2002,3.9596775
Madagascar,2003,4.355392
Madagascar,2004,4.751172
Madagascar,2005,5.1653543
Madagascar,2006,5.5802903
Madagascar,2007,5.9959607
Madagascar,2008,6.412517
Madagascar,2009,6.82971
Madagascar,2010,7.2476892
Madagascar,2011,7.666432
Madagascar,2012,8.085975
Madagascar,2013,8.506291
Madagascar,2014,8.927479
Madagascar,2015,9.349451
Madagascar,2016,9.772302
Madagascar,2017,10.196006
Madagascar,2018,10.620595
Madagascar,2019,11.045977
Madagascar,2020,11.47231
Madagascar,2021,11.899434
Madagascar,2022,12.327508
Malawi,2000,7.831087
Malawi,2001,7.8399825
Malawi,2002,7.8471246
Malawi,2003,7.8542676
Malawi,2004,7.8612885
Malawi,2005,10.060811
Malawi,2006,12.252624
Malawi,2007,14.436822
Malawi,2008,16.613298
Malawi,2009,18.782902
Malawi,2010,20.945267
Malawi,2011,23.100082
Malawi,2012,25.246918
Malawi,2013,27.385468
Malawi,2014,29.515274
Malawi,2015,31.636007
Malawi,2016,33.747223
Malawi,2017,35.84853
Malawi,2018,37.93948
Malawi,2019,40.019665
Malawi,2020,42.088585
Malawi,2021,44.14582
Malawi,2022,46.19081
Malaysia,2000,76.11093
Malaysia,2001,76.28206
Malaysia,2002,76.45003
Malaysia,2003,76.61493
Malaysia,2004,76.776794
Malaysia,2005,76.93555
Malaysia,2006,77.091354
Malaysia,2007,77.24421
Malaysia,2008,77.63327
Malaysia,2009,78.01996
Malaysia,2010,78.55369
Malaysia,2011,79.08708
Malaysia,2012,79.622734
Malaysia,2013,80.16111
Malaysia,2014,80.70231
Malaysia,2015,81.2463
Malaysia,2016,81.79315
Malaysia,2017,82.33808
Malaysia,2018,83.05385
Malaysia,2019,83.78173
Malaysia,2020,84.51442
Malaysia,2021,85.25199
Malaysia,2022,85.9686
Mali,2000,4.641384
Mali,2001,5.1195545
Mali,2002,5.6058693
Mali,2003,6.0997486
Mali,2004,6.600541
Mali,2005,7.107651
Mali,2006,7.620364
Mali,2007,8.138091
Mali,2008,8.660083
Mali,2009,9.174402
Mali,2010,9.691204
Mali,2011,10.209976
Mali,2012,10.730236
Mali,2013,11.25153
Mali,2014,11.773358
Mali,2015,12.295398
Mali,2016,12.8172035
Mali,2017,13.338331
Mali,2018,13.858573
Mali,2019,14.377424
Mali,2020,14.894888
Mali,2021,15.408502
Mali,2022,15.919642
Malta,2000,99.2774
Malta,2001,99.27729
Malta,2002,99.2772
Malta,2003,99.2771
Malta,2004,98.42316
Malta,2005,97.56921
Malta,2006,96.7153
Malta,2007,95.86141
Malta,2008,95.00753
Malta,2009,94.15365
Malta,2010,93.29977
Malta,2011,92.445885
Malta,2012,91.592
Malta,2013,90.73812
Malta,2014,89.88425
Malta,2015,89.030365
Malta,2016,88.17649
Malta,2017,88.17647
Malta,2018,88.17645
Malta,2019,88.17643
Malta,2020,88.17641
Malta,2021,88.176384
Malta,2022,88.17636
Mexico,2000,17.576391
Mexico,2001,17.679749
Mexico,2002,17.780807
Mexico,2003,19.714043
Mexico,2004,21.681168
Mexico,2005,23.681824
Mexico,2006,25.715677
Mexico,2007,27.782368
Mexico,2008,29.881636
Mexico,2009,32.0131
Mexico,2010,34.17649
Mexico,2011,36.371784
Mexico,2012,38.59857
Mexico,2013,40.856754
Mexico,2014,43.14613
Mexico,2015,45.466316
Mexico,2016,47.817276
Mexico,2017,50.198616
Mexico,2018,52.61023
Mexico,2019,55.051933
Mexico,2020,57.523533
Mexico,2021,60.024723
Mexico,2022,62.500813
Monaco,2000,100
Monaco,2001,100
Monaco,2002,100
Monaco,2003,100
Monaco,2004,100
Monaco,2005,100
Monaco,2006,100
Monaco,2007,100
Monaco,2008,100
Monaco,2009,100
Monaco,2010,100
Monaco,2011,100
Monaco,2012,100
Monaco,2013,100
Monaco,2014,100
Monaco,2015,100
Monaco,2016,100
Monaco,2017,100
Monaco,2018,100
Monaco,2019,100
Monaco,2020,100
Monaco,2021,100
Monaco,2022,100
Mongolia,2000,41.863865
Mongolia,2001,42.59797
Mongolia,2002,43.303806
Mongolia,2003,43.990623
Mongolia,2004,45.358467
Mongolia,2005,46.724056
Mongolia,2006,48.087704
Mongolia,2007,49.447926
Mongolia,2008,50.803875
Mongolia,2009,52.153114
Mongolia,2010,53.496567
Mongolia,2011,54.68728
Mongolia,2012,55.80358
Mongolia,2013,56.931236
Mongolia,2014,58.06994
Mongolia,2015,59.220085
Mongolia,2016,60.381367
Mongolia,2017,61.553516
Mongolia,2018,62.739616
Mongolia,2019,63.939064
Mongolia,2020,65.1512
Mongolia,2021,65.55783
Mongolia,2022,65.96411
Montenegro,2006,23.94933
Montenegro,2007,26.267752
Montenegro,2008,28.559965
Montenegro,2009,30.826004
Montenegro,2010,33.06549
Montenegro,2011,35.27822
Montenegro,2012,37.464073
Montenegro,2013,39.62295
Montenegro,2014,41.7548
Montenegro,2015,43.85956
Montenegro,2016,45.937084
Montenegro,2017,47.987373
Montenegro,2018,50.00739
Montenegro,2019,51.73089
Montenegro,2020,53.415096
Montenegro,2021,55.401146
Montenegro,2022,57.399685
Morocco,2000,48.730515
Morocco,2001,49.27505
Morocco,2002,50.126637
Morocco,2003,50.99864
Morocco,2004,51.78737
Morocco,2005,52.330044
Morocco,2006,52.881657
Morocco,2007,53.43268
Morocco,2008,53.982853
Morocco,2009,54.53194
Morocco,2010,55.080555
Morocco,2011,55.628017
Morocco,2012,56.17451
Morocco,2013,56.719803
Morocco,2014,57.264076
Morocco,2015,57.807083
Morocco,2016,58.349014
Morocco,2017,58.889626
Morocco,2018,59.428898
Morocco,2019,60.060772
Morocco,2020,60.70962
Morocco,2021,60.89822
Morocco,2022,61.01042
Myanmar,2000,58.38124
Myanmar,2001,58.92318
Myanmar,2002,59.24144
Myanmar,2003,59.555218
Myanmar,2004,59.86449
Myanmar,2005,60.169216
Myanmar,2006,60.46931
Myanmar,2007,60.76481
Myanmar,2008,61.055668
Myanmar,2009,61.04632
Myanmar,2010,61.034042
Myanmar,2011,61.0188
Myanmar,2012,61.000587
Myanmar,2013,60.97943
Myanmar,2014,60.95525
Myanmar,2015,60.9273
Myanmar,2016,60.895058
Myanmar,2017,60.858047
Myanmar,2018,60.815723
Myanmar,2019,60.767666
Myanmar,2020,60.713417
Myanmar,2021,60.65228
Myanmar,2022,60.61475
Nepal,2000,8.999706
Nepal,2001,11.23152
Nepal,2002,12.814697
Nepal,2003,14.440411
Nepal,2004,16.108381
Nepal,2005,17.818325
Nepal,2006,19.569956
Nepal,2007,21.36301
Nepal,2008,23.197136
Nepal,2009,25.072023
Nepal,2010,26.987352
Nepal,2011,28.942814
Nepal,2012,30.938063
Nepal,2013,32.972664
Nepal,2014,35.046177
Nepal,2015,37.158173
Nepal,2016,39.308147
Nepal,2017,41.495636
Nepal,2018,43.720097
Nepal,2019,45.981068
Nepal,2020,48.277966
Nepal,2021,50.610313
Nepal,2022,50.576435
Netherlands,2000,97.44082
Netherlands,2001,97.44109
Netherlands,2002,97.44136
Netherlands,2003,97.44163
Netherlands,2004,97.445175
Netherlands,2005,97.448715
Netherlands,2006,97.452225
Netherlands,2007,97.45573
Netherlands,2008,97.45921
Netherlands,2009,97.462715
Netherlands,2010,97.46622
Netherlands,2011,97.46969
Netherlands,2012,97.47316
Netherlands,2013,97.47659
Netherlands,2014,97.48001
Netherlands,2015,97.48342
Netherlands,2016,97.486824
Netherlands,2017,97.490234
Netherlands,2018,97.49366
Netherlands,2019,97.497086
Netherlands,2020,97.49752
Netherlands,2021,97.49763
Netherlands,2022,97.49772
New Zealand,2000,80.43645
New Zealand,2001,81.02218
New Zealand,2002,81.60877
New Zealand,2003,82.19624
New Zealand,2004,82.78458
New Zealand,2005,83.37379
New Zealand,2006,83.96385
New Zealand,2007,84.5548
New Zealand,2008,85.14661
New Zealand,2009,85.739296
New Zealand,2010,86.33284
New Zealand,2011,86.92726
New Zealand,2012,87.52255
New Zealand,2013,87.576744
New Zealand,2014,87.62798
New Zealand,2015,87.67627
New Zealand,2016,87.7216
New Zealand,2017,87.76398
New Zealand,2018,87.803406
New Zealand,2019,87.96474
New Zealand,2020,88.61715
New Zealand,2021,88.67798
New Zealand,2022,88.738815
Niger,2000,2.8226907
Niger,2001,3.1237347
Niger,2002,3.416996
Niger,2003,3.7103426
Niger,2004,3.9670944
Niger,2005,4.215102
Niger,2006,4.4598804
Niger,2007,4.7013235
Niger,2008,4.939318
Niger,2009,5.174085
Niger,2010,5.405513
Niger,2011,5.633481
Niger,2012,5.858225
Niger,2013,6.079625
Niger,2014,6.299589
Niger,2015,6.518507
Niger,2016,6.7362704
Niger,2017,6.9533014
Niger,2018,7.1695
Niger,2019,7.385322
Niger,2020,7.600967
Niger,2021,7.8718586
Niger,2022,8.116054
Nigeria,2000,20.719006
Nigeria,2001,20.688677
Nigeria,2002,21.085419
Nigeria,2003,21.496174
Nigeria,2004,21.921518
Nigeria,2005,22.359318
Nigeria,2006,22.80993
Nigeria,2007,23.273756
Nigeria,2008,23.751192
Nigeria,2009,24.242609
Nigeria,2010,24.748384
Nigeria,2011,25.268658
Nigeria,2012,25.803585
Nigeria,2013,26.353254
Nigeria,2014,26.917772
Nigeria,2015,27.497244
Nigeria,2016,28.091604
Nigeria,2017,28.70101
Nigeria,2018,29.325386
Nigeria,2019,29.964678
Nigeria,2020,30.61887
Nigeria,2021,31.28785
Nigeria,2022,31.971573
North Macedonia,2000,12.904117
North Macedonia,2001,12.918058
North Macedonia,2002,12.931999
North Macedonia,2003,12.945941
North Macedonia,2004,12.9599495
North Macedonia,2005,12.928724
North Macedonia,2006,12.895665
North Macedonia,2007,12.8606
North Macedonia,2008,12.8233595
North Macedonia,2009,12.78369
North Macedonia,2010,12.741494
North Macedonia,2011,12.696513
North Macedonia,2012,12.648645
North Macedonia,2013,12.5976305
North Macedonia,2014,12.543282
North Macedonia,2015,12.485588
North Macedonia,2016,12.424193
North Macedonia,2017,12.359
North Macedonia,2018,12.205737
North Macedonia,2019,12.192334
North Macedonia,2020,12.204914
North Macedonia,2021,12.214296
North Macedonia,2022,12.181854
Northern Africa and Western Asia (SDG),2000,45.950962
Northern Africa and Western Asia (SDG),2001,46.14248
Northern Africa and Western Asia (SDG),2002,46.45024
Northern Africa and Western Asia (SDG),2003,46.783653
Northern Africa and Western Asia (SDG),2004,47.539196
Northern Africa and Western Asia (SDG),2005,48.30964
Northern Africa and Western Asia (SDG),2006,49.233147
Northern Africa and Western Asia (SDG),2007,50.17379
Northern Africa and Western Asia (SDG),2008,51.051083
Northern Africa and Western Asia (SDG),2009,51.876534
Northern Africa and Western Asia (SDG),2010,52.653656
Northern Africa and Western Asia (SDG),2011,53.413944
Northern Africa and Western Asia (SDG),2012,54.12958
Northern Africa and Western Asia (SDG),2013,54.852673
Northern Africa and Western Asia (SDG),2014,55.604107
Northern Africa and Western Asia (SDG),2015,56.446266
Northern Africa and Western Asia (SDG),2016,57.299305
Northern Africa and Western Asia (SDG),2017,58.09253
Northern Africa and Western Asia (SDG),2018,58.91276
Northern Africa and Western Asia (SDG),2019,59.76127
Northern Africa and Western Asia (SDG),2020,60.5159
Northern Africa and Western Asia (SDG),2021,64.024025
Northern Africa and Western Asia (SDG),2022,64.498665
Norway,2000,76.514015
Norway,2001,76.57737
Norway,2002,76.64143
Norway,2003,76.7062
Norway,2004,76.77176
Norway,2005,76.8381
Norway,2006,76.90514
Norway,2007,76.97286
Norway,2008,77.04126
Norway,2009,77.11037
Norway,2010,77.18018
Norway,2011,77.250534
Norway,2012,77.32143
Norway,2013,77.393036
Norway,2014,77.465355
Norway,2015,77.5384
Norway,2016,77.612144
Norway,2017,77.68661
Norway,2018,77.76179
Norway,2019,77.83769
Norway,2020,77.914314
Norway,2021,77.99166
Norway,2022,78.069725
Palestine,2000,43.82239
Palestine,2001,43.929394
Palestine,2002,44.03625
Palestine,2003,44.142124
Palestine,2004,44.43737
Palestine,2005,44.78585
Palestine,2006,45.66236
Palestine,2007,47.135647
Palestine,2008,48.615726
Palestine,2009,50.10546
Palestine,2010,51.60485
Palestine,2011,53.113186
Palestine,2012,54.630096
Palestine,2013,56.155216
Palestine,2014,57.688175
Palestine,2015,59.228302
Palestine,2016,60.775246
Palestine,2017,62.32892
Palestine,2018,63.888412
Palestine,2019,65.45387
Palestine,2020,67.02422
Palestine,2021,68.59957
Palestine,2022,70.10873
Paraguay,2000,42.46939
Paraguay,2001,43.19663
Paraguay,2002,43.903812
Paraguay,2003,44.55973
Paraguay,2004,45.2003
Paraguay,2005,45.83308
Paraguay,2006,46.457996
Paraguay,2007,47.075085
Paraguay,2008,47.68449
Paraguay,2009,48.28615
Paraguay,2010,48.88012
Paraguay,2011,49.46644
Paraguay,2012,50.045208
Paraguay,2013,50.61524
Paraguay,2014,51.17812
Paraguay,2015,51.734455
Paraguay,2016,52.284306
Paraguay,2017,52.827686
Paraguay,2018,53.36447
Paraguay,2019,53.878094
Paraguay,2020,54.38427
Paraguay,2021,54.738907
Paraguay,2022,55.19313
Peru,2000,10.564419
Peru,2001,12.283945
Peru,2002,14.049205
Peru,2003,15.859636
Peru,2004,17.714622
Peru,2005,19.613518
Peru,2006,21.555866
Peru,2007,23.540968
Peru,2008,25.556429
Peru,2009,27.605694
Peru,2010,29.693512
Peru,2011,31.81941
Peru,2012,33.983356
Peru,2013,36.18484
Peru,2014,38.423733
Peru,2015,40.69993
Peru,2016,43.01289
Peru,2017,45.36251
Peru,2018,47.74971
Peru,2019,50.174194
Peru,2020,52.635986
Peru,2021,55.134777
Peru,2022,57.670387
Philippines,2000,45.460243
Philippines,2001,45.828236
Philippines,2002,46.19711
Philippines,2003,46.566864
Philippines,2004,46.937496
Philippines,2005,47.309006
Philippines,2006,47.681396
Philippines,2007,48.485874
Philippines,2008,49.300835
Philippines,2009,50.126293
Philippines,2010,50.96098
Philippines,2011,51.890743
Philippines,2012,52.846962
Philippines,2013,53.810104
Philippines,2014,54.780186
Philippines,2015,55.757027
Philippines,2016,56.740604
Philippines,2017,57.729507
Philippines,2018,58.72309
Philippines,2019,59.720917
Philippines,2020,60.72247
Philippines,2021,61.72722
Philippines,2022,62.734615
Poland,2000,86.00574
Poland,2001,86.67992
Poland,2002,87.35037
Poland,2003,88.001854
Poland,2004,88.673744
Poland,2005,89.349655
Poland,2006,90.029686
Poland,2007,90.71363
Poland,2008,91.40151
Poland,2009,92.09349
Poland,2010,92.78949
Poland,2011,93.489494
Poland,2012,94.19296
Poland,2013,94.90076
Poland,2014,95.61282
Poland,2015,96.329185
Poland,2016,97.049736
Poland,2017,97.49891
Poland,2018,97.699394
Poland,2019,97.74776
Poland,2020,97.80323
Poland,2021,97.85996
Poland,2022,97.91797
Portugal,2000,53.618435
Portugal,2001,53.750336
Portugal,2002,53.879314
Portugal,2003,54.006405
Portugal,2004,56.01716
Portugal,2005,58.100224
Portugal,2006,60.254314
Portugal,2007,62.477676
Portugal,2008,64.76884
Portugal,2009,67.12597
Portugal,2010,69.54779
Portugal,2011,72.0327
Portugal,2012,74.579056
Portugal,2013,77.18501
Portugal,2014,79.84929
Portugal,2015,82.5703
Portugal,2016,85.34658
Portugal,2017,88.17674
Portugal,2018,90.83828
Portugal,2019,91.31548
Portugal,2020,91.76827
Portugal,2021,92.19422
Portugal,2022,92.75608
Puerto Rico,2000,32.538513
Puerto Rico,2001,32.536297
Puerto Rico,2002,32.53408
Puerto Rico,2003,32.53186
Puerto Rico,2004,32.529644
Puerto Rico,2005,32.527428
Puerto Rico,2006,32.52521
Puerto Rico,2007,32.522995
Puerto Rico,2008,32.52078
Puerto Rico,2009,32.518562
Puerto Rico,2010,32.516346
Puerto Rico,2011,32.514126
Puerto Rico,2012,32.51191
Puerto Rico,2013,32.509693
Puerto Rico,2014,32.50916
Puerto Rico,2015,32.50916
Puerto Rico,2016,32.50916
Puerto Rico,2017,32.50916
Puerto Rico,2018,32.50916
Puerto Rico,2019,32.50916
Puerto Rico,2020,32.50916
Puerto Rico,2021,32.50916
Puerto Rico,2022,32.50916
Qatar,2000,87.5672
Qatar,2001,87.5672
Qatar,2002,87.5672
Qatar,2003,87.5672
Qatar,2004,87.5672
Qatar,2005,87.5672
Qatar,2006,87.5672
Qatar,2007,87.5672
Qatar,2008,87.5672
Qatar,2009,88.456314
Qatar,2010,89.34542
Qatar,2011,90.234535
Qatar,2012,91.12365
Qatar,2013,92.01276
Qatar,2014,92.90187
Qatar,2015,93.79098
Qatar,2016,94.68009
Qatar,2017,95.56921
Qatar,2018,96.45831
Qatar,2019,97.34743
Qatar,2020,98.236534
Qatar,2021,99.12565
Qatar,2022,99.93655
Reunion,2001,71.425575
Reunion,2002,71.425575
Reunion,2003,71.425575
Reunion,2004,71.425575
Reunion,2005,71.425575
Reunion,2006,71.75481
Reunion,2007,72.084045
Reunion,2008,72.413284
Reunion,2009,72.742516
Reunion,2010,73.071754
Reunion,2011,73.40099
Reunion,2012,73.730225
Reunion,2013,74.05946
Reunion,2014,74.388695
Reunion,2015,74.71793
Reunion,2016,75.04717
Reunion,2017,75.3764
Reunion,2018,75.70564
Reunion,2019,76.034874
Reunion,2020,76.36411
Reunion,2021,76.69335
Reunion,2022,76.69335
Romania,2001,46.91679
Romania,2002,46.895042
Romania,2003,46.93491
Romania,2004,48.065174
Romania,2005,49.243935
Romania,2006,51.168083
Romania,2007,53.13844
Romania,2008,55.1794
Romania,2009,57.29223
Romania,2010,59.478176
Romania,2011,61.738495
Romania,2012,64.04289
Romania,2013,66.412384
Romania,2014,68.86244
Romania,2015,71.400444
Romania,2016,74.0277
Romania,2017,76.74429
Romania,2018,79.5517
Romania,2019,82.11002
Romania,2020,84.51945
Romania,2021,86.974365
Romania,2022,87.57687
Russia,2000,55.419415
Russia,2001,55.684074
Russia,2002,55.949383
Russia,2003,56.22216
Russia,2004,56.497868
Russia,2005,56.77412
Russia,2006,57.050926
Russia,2007,57.328274
Russia,2008,57.60617
Russia,2009,57.88445
Russia,2010,58.163433
Russia,2011,58.442966
Russia,2012,58.72519
Russia,2013,59.009834
Russia,2014,59.297077
Russia,2015,59.5865
Russia,2016,59.878124
Russia,2017,60.171825
Russia,2018,60.467335
Russia,2019,60.764545
Russia,2020,60.91085
Russia,2021,61.05754
Russia,2022,61.20435
Samoa,2000,47.93764
Samoa,2001,47.93083
Samoa,2002,47.94034
Samoa,2003,47.958527
Samoa,2004,47.976566
Samoa,2005,48.208977
Samoa,2006,48.442062
Samoa,2007,48.67551
Samoa,2008,48.838852
Samoa,2009,49.002132
Samoa,2010,49.16535
Samoa,2011,49.121033
Samoa,2012,48.562893
Samoa,2013,48.001144
Samoa,2014,47.435036
Samoa,2015,46.86472
Samoa,2016,46.290104
Samoa,2017,45.711014
Samoa,2018,45.126076
Samoa,2019,44.535084
Samoa,2020,44.00124
Samoa,2021,43.468193
Samoa,2022,42.92847
San Marino,2000,90.1925
San Marino,2001,90.1925
San Marino,2002,90.1925
San Marino,2003,90.1925
San Marino,2004,90.1925
San Marino,2005,90.1925
San Marino,2006,90.1925
San Marino,2007,90.1925
San Marino,2008,90.1925
San Marino,2009,90.1925
San Marino,2010,90.1925
San Marino,2011,90.1925
San Marino,2012,90.1925
San Marino,2013,90.1925
San Marino,2014,90.1925
San Marino,2015,90.1925
San Marino,2016,90.1925
San Marino,2017,90.1925
San Marino,2018,90.1925
San Marino,2019,90.1925
San Marino,2020,90.1925
San Marino,2021,90.1925
San Marino,2022,90.1925
Sao Tome and Principe,2000,13.015456
Sao Tome and Principe,2001,14.033412
Sao Tome and Principe,2002,15.0699835
Sao Tome and Principe,2003,16.110567
Sao Tome and Principe,2004,17.152227
Sao Tome and Principe,2005,18.126987
Sao Tome and Principe,2006,19.106596
Sao Tome and Principe,2007,20.090443
Sao Tome and Principe,2008,21.077936
Sao Tome and Principe,2009,22.06822
Sao Tome and Principe,2010,23.061039
Sao Tome and Principe,2011,24.055733
Sao Tome and Principe,2012,25.051937
Sao Tome and Principe,2013,26.04729
Sao Tome and Principe,2014,27.04195
Sao Tome and Principe,2015,28.035736
Sao Tome and Principe,2016,29.028618
Sao Tome and Principe,2017,30.020605
Sao Tome and Principe,2018,31.011728
Sao Tome and Principe,2019,32.00205
Sao Tome and Principe,2020,32.99165
Sao Tome and Principe,2021,33.98067
Sao Tome and Principe,2022,34.00349
Saudi Arabia,2000,79.15316
Saudi Arabia,2001,79.18927
Saudi Arabia,2002,79.22507
Saudi Arabia,2003,79.26071
Saudi Arabia,2004,79.29604
Saudi Arabia,2005,79.33154
Saudi Arabia,2006,79.36704
Saudi Arabia,2007,79.40224
Saudi Arabia,2008,79.43727
Saudi Arabia,2009,79.47169
Saudi Arabia,2010,79.50595
Saudi Arabia,2011,79.54037
Saudi Arabia,2012,79.57479
Saudi Arabia,2013,79.609535
Saudi Arabia,2014,79.64429
Saudi Arabia,2015,79.67905
Saudi Arabia,2016,79.71397
Saudi Arabia,2017,79.748886
Saudi Arabia,2018,79.78397
Saudi Arabia,2019,79.81891
Saudi Arabia,2020,79.854004
Saudi Arabia,2021,79.88895
Saudi Arabia,2022,79.9239
Senegal,2000,16.246653
Senegal,2001,16.643946
Senegal,2002,17.060263
Senegal,2003,17.483635
Senegal,2004,17.910444
Senegal,2005,18.335073
Senegal,2006,18.757517
Senegal,2007,19.177664
Senegal,2008,19.595438
Senegal,2009,20.010754
Senegal,2010,19.626423
Senegal,2011,19.20282
Senegal,2012,18.740242
Senegal,2013,18.239002
Senegal,2014,17.69942
Senegal,2015,17.121815
Senegal,2016,16.50654
Senegal,2017,15.853984
Senegal,2018,15.164585
Senegal,2019,14.438813
Senegal,2020,13.677181
Senegal,2021,13.870416
Senegal,2022,14.061603
Serbia,2000,29.21859
Serbia,2001,29.181862
Serbia,2002,29.1456
Serbia,2003,29.109844
Serbia,2004,29.07447
Serbia,2005,29.024376
Serbia,2006,28.87811
Serbia,2007,28.728647
Serbia,2008,28.576033
Serbia,2009,28.420187
Serbia,2010,28.261122
Serbia,2011,28.09201
Serbia,2012,27.858145
Serbia,2013,27.621363
Serbia,2014,27.380342
Serbia,2015,27.135145
Serbia,2016,26.885628
Serbia,2017,26.630777
Serbia,2018,26.371716
Serbia,2019,26.108418
Serbia,2020,25.824192
Serbia,2021,25.5347
Serbia,2022,25.38744
Sierra Leone,2000,4.9678416
Sierra Leone,2001,5.122451
Sierra Leone,2002,5.2773576
Sierra Leone,2003,5.432563
Sierra Leone,2004,5.7985635
Sierra Leone,2005,6.1838274
Sierra Leone,2006,6.5873046
Sierra Leone,2007,7.0042977
Sierra Leone,2008,7.434776
Sierra Leone,2009,7.8763394
Sierra Leone,2010,8.330928
Sierra Leone,2011,8.798736
Sierra Leone,2012,9.2797365
Sierra Leone,2013,9.773707
Sierra Leone,2014,10.280807
Sierra Leone,2015,10.800904
Sierra Leone,2016,11.431179
Sierra Leone,2017,12.063294
Sierra Leone,2018,12.689868
Sierra Leone,2019,13.335309
Sierra Leone,2020,13.999875
Sierra Leone,2021,14.683831
Sierra Leone,2022,15.387452
Singapore,2000,100
Singapore,2001,100
Singapore,2002,100
Singapore,2003,100
Singapore,2004,100
Singapore,2005,100
Singapore,2006,100
Singapore,2007,100
Singapore,2008,100
Singapore,2009,100
Singapore,2010,100
Singapore,2011,100
Singapore,2012,100
Singapore,2013,100
Singapore,2014,100
Singapore,2015,100
Singapore,2016,100
Singapore,2017,100
Singapore,2018,100
Singapore,2019,100
Singapore,2020,100
Singapore,2021,100
Singapore,2022,100
Slovakia,2000,84.736115
Slovakia,2001,84.735634
Slovakia,2002,84.72172
Slovakia,2003,84.56332
Slovakia,2004,84.38414
Slovakia,2005,84.20451
Slovakia,2006,84.024315
Slovakia,2007,83.84365
Slovakia,2008,83.66267
Slovakia,2009,83.481094
Slovakia,2010,83.28364
Slovakia,2011,83.08662
Slovakia,2012,82.90473
Slovakia,2013,82.72242
Slovakia,2014,82.53968
Slovakia,2015,82.52556
Slovakia,2016,82.51511
Slovakia,2017,82.5083
Slovakia,2018,82.49797
Slovakia,2019,82.49127
Slovakia,2020,82.48822
Slovakia,2021,82.48893
Slovakia,2022,82.4934
Slovenia,2000,39.754932
Slovenia,2001,41.92333
Slovenia,2002,44.15049
Slovenia,2003,46.43694
Slovenia,2004,48.783203
Slovenia,2005,51.189816
Slovenia,2006,53.668137
Slovenia,2007,56.166885
Slovenia,2008,58.73014
Slovenia,2009,61.47698
Slovenia,2010,64.28428
Slovenia,2011,67.1525
Slovenia,2012,70.08209
Slovenia,2013,73.07351
Slovenia,2014,76.12722
Slovenia,2015,79.243675
Slovenia,2016,80.97411
Slovenia,2017,82.01331
Slovenia,2018,83.05649
Slovenia,2019,83.459465
Slovenia,2020,83.645744
Slovenia,2021,83.8301
Slovenia,2022,84.04144
Small Island Developing States,2000,41.030823
Small Island Developing States,2001,41.264683
Small Island Developing States,2002,40.978428
Small Island Developing States,2003,41.018383
Small Island Developing States,2004,41.043415
Small Island Developing States,2005,41.07431
Small Island Developing States,2006,41.162086
Small Island Developing States,2007,41.27996
Small Island Developing States,2008,41.389835
Small Island Developing States,2009,41.517014
Small Island Developing States,2010,41.60499
Small Island Developing States,2011,41.656147
Small Island Developing States,2012,41.331337
Small Island Developing States,2013,41.34159
Small Island Developing States,2014,41.346703
Small Island Developing States,2015,41.34071
Small Island Developing States,2016,41.299755
Small Island Developing States,2017,41.251747
Small Island Developing States,2018,40.87865
Small Island Developing States,2019,40.82225
Small Island Developing States,2020,40.58694
Small Island Developing States,2021,40.37883
Small Island Developing States,2022,40.241695
Somalia,2000,15.639454
Somalia,2001,16.151825
Somalia,2002,16.663395
Somalia,2003,17.279701
Somalia,2004,17.895073
Somalia,2005,18.734715
Somalia,2006,19.568785
Somalia,2007,19.477678
Somalia,2008,20.531672
Somalia,2009,21.60145
Somalia,2010,22.687086
Somalia,2011,23.786028
Somalia,2012,24.602966
Somalia,2013,25.430635
Somalia,2014,26.269247
Somalia,2015,27.118738
Somalia,2016,27.979036
Somalia,2017,28.849571
Somalia,2018,29.730255
Somalia,2019,30.620275
Somalia,2020,31.519543
Somalia,2021,32.42749
Somalia,2022,32.562054
South Africa,2000,54.611176
South Africa,2001,55.41998
South Africa,2002,56.241444
South Africa,2003,57.06454
South Africa,2004,57.883633
South Africa,2005,58.697777
South Africa,2006,59.50736
South Africa,2007,60.312218
South Africa,2008,61.11243
South Africa,2009,61.90695
South Africa,2010,62.69634
South Africa,2011,63.480247
South Africa,2012,64.258736
South Africa,2013,65.03114
South Africa,2014,65.79791
South Africa,2015,66.55874
South Africa,2016,67.313515
South Africa,2017,68.062004
South Africa,2018,68.80413
South Africa,2019,69.53983
South Africa,2020,70.269135
South Africa,2021,70.99177
South Africa,2022,71.7077
South Korea,2000,87.20934
South Korea,2001,87.83766
South Korea,2002,88.4681
South Korea,2003,89.10066
South Korea,2004,89.735344
South Korea,2005,90.368256
South Korea,2006,91.00279
South Korea,2007,91.64096
South Korea,2008,92.27312
South Korea,2009,92.905594
South Korea,2010,93.541084
South Korea,2011,94.1794
South Korea,2012,94.82034
South Korea,2013,95.463715
South Korea,2014,96.10919
South Korea,2015,96.75678
South Korea,2016,97.406296
South Korea,2017,98.05756
South Korea,2018,98.633026
South Korea,2019,99.19224
South Korea,2020,99.479454
South Korea,2021,99.46326
South Korea,2022,99.44746
South-east Asia (WHO),2000,11.968487
South-east Asia (WHO),2001,13.110836
South-east Asia (WHO),2002,14.352681
South-east Asia (WHO),2003,15.520639
South-east Asia (WHO),2004,17.396154
South-east Asia (WHO),2005,19.075422
South-east Asia (WHO),2006,20.760592
South-east Asia (WHO),2007,22.520039
South-east Asia (WHO),2008,24.276403
South-east Asia (WHO),2009,26.029457
South-east Asia (WHO),2010,27.792028
South-east Asia (WHO),2011,29.567936
South-east Asia (WHO),2012,31.354084
South-east Asia (WHO),2013,33.148476
South-east Asia (WHO),2014,34.989574
South-east Asia (WHO),2015,36.84214
South-east Asia (WHO),2016,38.704773
South-east Asia (WHO),2017,40.518047
South-east Asia (WHO),2018,42.286106
South-east Asia (WHO),2019,44.051514
South-east Asia (WHO),2020,45.80457
South-east Asia (WHO),2021,47.53462
South-east Asia (WHO),2022,49.18969
Spain,2000,90.8541
Spain,2001,90.854
Spain,2002,90.85741
Spain,2003,90.86075
Spain,2004,90.864105
Spain,2005,90.70634
Spain,2006,90.54736
Spain,2007,90.472664
Spain,2008,90.43694
Spain,2009,90.401054
Spain,2010,90.36499
Spain,2011,90.32878
Spain,2012,90.29241
Spain,2013,90.255905
Spain,2014,90.21891
Spain,2015,90.18124
Spain,2016,90.14346
Spain,2017,90.100174
Spain,2018,90.05554
Spain,2019,90.01077
Spain,2020,89.96586
Spain,2021,89.96563
Spain,2022,89.965416
Sub-Saharan Africa (SDG),2000,16.915659
Sub-Saharan Africa (SDG),2001,17.203579
Sub-Saharan Africa (SDG),2002,17.517069
Sub-Saharan Africa (SDG),2003,17.831167
Sub-Saharan Africa (SDG),2004,18.147995
Sub-Saharan Africa (SDG),2005,18.501757
Sub-Saharan Africa (SDG),2006,18.867348
Sub-Saharan Africa (SDG),2007,19.21806
Sub-Saharan Africa (SDG),2008,19.59426
Sub-Saharan Africa (SDG),2009,19.95611
Sub-Saharan Africa (SDG),2010,20.306068
Sub-Saharan Africa (SDG),2011,20.517324
Sub-Saharan Africa (SDG),2012,20.886597
Sub-Saharan Africa (SDG),2013,21.258396
Sub-Saharan Africa (SDG),2014,21.637945
Sub-Saharan Africa (SDG),2015,22.028616
Sub-Saharan Africa (SDG),2016,22.388466
Sub-Saharan Africa (SDG),2017,22.775408
Sub-Saharan Africa (SDG),2018,23.08625
Sub-Saharan Africa (SDG),2019,23.419079
Sub-Saharan Africa (SDG),2020,23.752287
Sub-Saharan Africa (SDG),2021,24.072803
Sub-Saharan Africa (SDG),2022,24.35236
Suriname,2000,29.465029
Suriname,2001,29.707447
Suriname,2002,29.948542
Suriname,2003,30.188576
Suriname,2004,30.427418
Suriname,2005,30.120665
Suriname,2006,29.811533
Suriname,2007,29.498344
Suriname,2008,29.180944
Suriname,2009,28.859179
Suriname,2010,28.533339
Suriname,2011,28.203266
Suriname,2012,27.868961
Suriname,2013,27.530413
Suriname,2014,27.185196
Suriname,2015,26.833216
Suriname,2016,26.47467
Suriname,2017,26.109613
Suriname,2018,25.737963
Suriname,2019,25.36006
Suriname,2020,25.180603
Suriname,2021,25.171324
Suriname,2022,25.159658
Sweden,2000,95.02129
Sweden,2001,95.0416
Sweden,2002,95.06087
Sweden,2003,95.08014
Sweden,2004,95.09934
Sweden,2005,95.11847
Sweden,2006,95.13986
Sweden,2007,95.16336
Sweden,2008,95.186775
Sweden,2009,95.21003
Sweden,2010,95.233116
Sweden,2011,95.260025
Sweden,2012,95.290474
Sweden,2013,95.32045
Sweden,2014,95.35005
Sweden,2015,95.379295
Sweden,2016,95.40808
Sweden,2017,95.43651
Sweden,2018,95.4644
Sweden,2019,95.49181
Sweden,2020,95.51875
Sweden,2021,95.54522
Sweden,2022,95.555984
Switzerland,2000,98.70472
Switzerland,2001,98.70438
Switzerland,2002,98.70549
Switzerland,2003,98.70661
Switzerland,2004,98.70769
Switzerland,2005,98.70881
Switzerland,2006,98.70993
Switzerland,2007,98.711044
Switzerland,2008,98.71216
Switzerland,2009,98.713234
Switzerland,2010,98.714355
Switzerland,2011,98.80555
Switzerland,2012,98.89651
Switzerland,2013,98.99355
Switzerland,2014,99.11283
Switzerland,2015,99.231926
Switzerland,2016,99.350815
Switzerland,2017,99.46827
Switzerland,2018,99.58413
Switzerland,2019,99.69981
Switzerland,2020,99.81466
Switzerland,2021,99.814926
Switzerland,2022,99.81524
Tanzania,2000,5.7735577
Tanzania,2001,6.9002366
Tanzania,2002,8.033801
Tanzania,2003,9.189283
Tanzania,2004,10.296286
Tanzania,2005,11.400319
Tanzania,2006,12.513359
Tanzania,2007,13.623134
Tanzania,2008,14.729678
Tanzania,2009,15.688786
Tanzania,2010,16.634485
Tanzania,2011,17.490543
Tanzania,2012,18.312061
Tanzania,2013,19.128317
Tanzania,2014,19.93871
Tanzania,2015,20.742989
Tanzania,2016,21.540642
Tanzania,2017,22.331535
Tanzania,2018,23.115269
Tanzania,2019,23.89128
Tanzania,2020,24.90598
Tanzania,2021,25.010336
Tanzania,2022,25.114794
Thailand,2000,19.92459
Thailand,2001,20.05492
Thailand,2002,20.188381
Thailand,2003,20.337238
Thailand,2004,20.500816
Thailand,2005,20.833067
Thailand,2006,21.170628
Thailand,2007,21.513363
Thailand,2008,21.861395
Thailand,2009,22.214502
Thailand,2010,22.572964
Thailand,2011,22.9076
Thailand,2012,23.239878
Thailand,2013,23.575525
Thailand,2014,23.914654
Thailand,2015,24.257246
Thailand,2016,24.602707
Thailand,2017,24.942493
Thailand,2018,25.283396
Thailand,2019,25.607815
Thailand,2020,25.932337
Thailand,2021,26.25913
Thailand,2022,26.315214
Togo,2000,3.3470638
Togo,2001,3.4592137
Togo,2002,3.5717034
Togo,2003,3.68448
Togo,2004,3.7975023
Togo,2005,3.9088004
Togo,2006,4.02171
Togo,2007,4.1361423
Togo,2008,4.252056
Togo,2009,4.3691707
Togo,2010,4.4875884
Togo,2011,4.6080694
Togo,2012,4.730036
Togo,2013,4.852774
Togo,2014,4.97627
Togo,2015,5.1004224
Togo,2016,5.225262
Togo,2017,5.3506293
Togo,2018,5.4764004
Togo,2019,5.60245
Togo,2020,5.728649
Togo,2021,5.7423005
Togo,2022,5.756074
Tonga,2000,34.14567
Tonga,2001,34.143734
Tonga,2002,34.141865
Tonga,2003,34.13993
Tonga,2004,34.137993
Tonga,2005,34.64358
Tonga,2006,35.148766
Tonga,2007,35.652454
Tonga,2008,36.15467
Tonga,2009,36.64877
Tonga,2010,37.044704
Tonga,2011,36.572586
Tonga,2012,36.10865
Tonga,2013,35.651634
Tonga,2014,35.196968
Tonga,2015,34.744415
Tonga,2016,34.294098
Tonga,2017,33.84601
Tonga,2018,33.398228
Tonga,2019,32.950745
Tonga,2020,32.54002
Tonga,2021,32.26282
Tonga,2022,32.048294
Tunisia,2000,54.094055
Tunisia,2001,54.893578
Tunisia,2002,55.9226
Tunisia,2003,57.256413
Tunisia,2004,58.59539
Tunisia,2005,59.914505
Tunisia,2006,61.247353
Tunisia,2007,62.5929
Tunisia,2008,63.951355
Tunisia,2009,65.32252
Tunisia,2010,66.70581
Tunisia,2011,68.10178
Tunisia,2012,69.50985
Tunisia,2013,70.92912
Tunisia,2014,72.36046
Tunisia,2015,73.80589
Tunisia,2016,75.26464
Tunisia,2017,76.736244
Tunisia,2018,78.220535
Tunisia,2019,79.71671
Tunisia,2020,80.961716
Tunisia,2021,81.04472
Tunisia,2022,81.129295
Turkey,2000,43.23987
Turkey,2001,43.222115
Turkey,2002,43.68865
Turkey,2003,44.14341
Turkey,2004,45.8262
Turkey,2005,47.536457
Turkey,2006,49.274197
Turkey,2007,50.75451
Turkey,2008,52.288216
Turkey,2009,53.875553
Turkey,2010,55.516483
Turkey,2011,57.2111
Turkey,2012,58.959335
Turkey,2013,60.761574
Turkey,2014,62.61763
Turkey,2015,64.527504
Turkey,2016,66.491104
Turkey,2017,68.508484
Turkey,2018,70.57953
Turkey,2019,72.70425
Turkey,2020,74.8801
Turkey,2021,76.766945
Turkey,2022,78.685455
Turks and Caicos Islands,2016,34.113716
Turks and Caicos Islands,2017,34.082077
Turks and Caicos Islands,2018,34.05244
Turks and Caicos Islands,2019,34.024807
Turks and Caicos Islands,2020,33.998966
Turks and Caicos Islands,2021,33.974815
Turks and Caicos Islands,2022,33.95235
Tuvalu,2000,41.966686
Tuvalu,2001,42.288387
Tuvalu,2002,42.60723
Tuvalu,2003,42.876404
Tuvalu,2004,43.115353
Tuvalu,2005,43.34762
Tuvalu,2006,43.43783
Tuvalu,2007,43.5195
Tuvalu,2008,43.592686
Tuvalu,2009,43.65811
Tuvalu,2010,43.715607
Tuvalu,2011,43.09503
Tuvalu,2012,42.488182
Tuvalu,2013,41.89565
Tuvalu,2014,41.319294
Tuvalu,2015,40.75869
Tuvalu,2016,40.213394
Tuvalu,2017,39.682953
Tuvalu,2018,39.166607
Tuvalu,2019,38.663918
Tuvalu,2020,38.174347
Tuvalu,2021,37.69727
Tuvalu,2022,37.232254
Uganda,2000,14.128019
Uganda,2001,14.30369
Uganda,2002,14.478254
Uganda,2003,14.651692
Uganda,2004,14.824052
Uganda,2005,14.995025
Uganda,2006,15.164947
Uganda,2007,15.333583
Uganda,2008,15.506773
Uganda,2009,15.678842
Uganda,2010,15.849913
Uganda,2011,16.0199
Uganda,2012,16.18885
Uganda,2013,16.35655
Uganda,2014,16.522537
Uganda,2015,16.687384
Uganda,2016,16.850943
Uganda,2017,17.0132
Uganda,2018,17.174013
Uganda,2019,17.333563
Uganda,2020,17.491642
Uganda,2021,17.648241
Uganda,2022,17.796078
Ukraine,2000,42.330833
Ukraine,2001,42.43031
Ukraine,2002,42.896427
Ukraine,2003,43.354595
Ukraine,2004,43.83219
Ukraine,2005,44.305473
Ukraine,2006,44.78092
Ukraine,2007,45.25626
Ukraine,2008,45.731308
Ukraine,2009,48.545143
Ukraine,2010,51.358295
Ukraine,2011,54.155502
Ukraine,2012,56.936554
Ukraine,2013,59.672977
Ukraine,2014,62.335735
Ukraine,2015,64.73989
Ukraine,2016,67.15047
Ukraine,2017,69.56755
Ukraine,2018,71.985886
Ukraine,2019,71.97734
Ukraine,2020,71.96382
Ukraine,2021,71.9489
Ukraine,2022,71.93268
United Arab Emirates,2000,98.44043
United Arab Emirates,2001,98.44016
United Arab Emirates,2002,98.4399
United Arab Emirates,2003,98.439644
United Arab Emirates,2004,98.43939
United Arab Emirates,2005,98.43914
United Arab Emirates,2006,98.438896
United Arab Emirates,2007,98.438644
United Arab Emirates,2008,98.438416
United Arab Emirates,2009,98.43819
United Arab Emirates,2010,98.437965
United Arab Emirates,2011,98.4403
United Arab Emirates,2012,98.44264
United Arab Emirates,2013,98.444984
United Arab Emirates,2014,98.44734
United Arab Emirates,2015,98.4497
United Arab Emirates,2016,98.452065
United Arab Emirates,2017,98.45444
United Arab Emirates,2018,98.45682
United Arab Emirates,2019,98.4592
United Arab Emirates,2020,98.461586
United Arab Emirates,2021,98.463264
United Arab Emirates,2022,98.46312
United Kingdom,2000,97.73614
United Kingdom,2001,97.7415
United Kingdom,2002,97.75741
United Kingdom,2003,97.7731
United Kingdom,2004,97.78868
United Kingdom,2005,97.804054
United Kingdom,2006,97.81931
United Kingdom,2007,97.84524
United Kingdom,2008,97.871056
United Kingdom,2009,97.89667
United Kingdom,2010,97.92212
United Kingdom,2011,97.94742
United Kingdom,2012,97.97267
United Kingdom,2013,97.99297
United Kingdom,2014,98.00712
United Kingdom,2015,98.021164
United Kingdom,2016,98.03514
United Kingdom,2017,98.04897
United Kingdom,2018,98.06269
United Kingdom,2019,98.076355
United Kingdom,2020,98.08986
United Kingdom,2021,98.10325
United Kingdom,2022,98.116486
United States,2000,96.49619
United States,2001,96.55744
United States,2002,96.6188
United States,2003,96.680244
United States,2004,96.74177
United States,2005,96.803406
United States,2006,96.86512
United States,2007,96.92692
United States,2008,96.98881
United States,2009,97.05079
United States,2010,97.105896
United States,2011,97.13914
United States,2012,97.17329
United States,2013,97.20835
United States,2014,97.244354
United States,2015,97.217
United States,2016,97.19027
United States,2017,97.16416
United States,2018,97.13868
United States,2019,97.11384
United States,2020,97.08966
United States,2021,97.06615
United States,2022,97.043304
Upper-middle-income countries,2000,23.964993
Upper-middle-income countries,2001,24.378563
Upper-middle-income countries,2002,24.983208
Upper-middle-income countries,2003,26.359638
Upper-middle-income countries,2004,27.830875
Upper-middle-income countries,2005,29.369425
Upper-middle-income countries,2006,30.964241
Upper-middle-income countries,2007,32.622673
Upper-middle-income countries,2008,34.342087
Upper-middle-income countries,2009,36.116673
Upper-middle-income countries,2010,37.955322
Upper-middle-income countries,2011,39.844273
Upper-middle-income countries,2012,41.81684
Upper-middle-income countries,2013,43.84809
Upper-middle-income countries,2014,45.933365
Upper-middle-income countries,2015,48.070602
Upper-middle-income countries,2016,50.245247
Upper-middle-income countries,2017,52.452637
Upper-middle-income countries,2018,54.68839
Upper-middle-income countries,2019,56.980774
Upper-middle-income countries,2020,58.089542
Upper-middle-income countries,2021,59.169327
Upper-middle-income countries,2022,60.162666
Uzbekistan,2000,74.16727
Uzbekistan,2001,74.1679
Uzbekistan,2002,74.15045
Uzbekistan,2003,74.12574
Uzbekistan,2004,74.09751
Uzbekistan,2005,74.07088
Uzbekistan,2006,74.040855
Uzbekistan,2007,74.0076
Uzbekistan,2008,73.971115
Uzbekistan,2009,73.93158
Uzbekistan,2010,73.88864
Uzbekistan,2011,73.8972
Uzbekistan,2012,73.96093
Uzbekistan,2013,74.02532
Uzbekistan,2014,74.090385
Uzbekistan,2015,74.15611
Uzbekistan,2016,74.2225
Uzbekistan,2017,74.289566
Uzbekistan,2018,74.35136
Uzbekistan,2019,74.407814
Uzbekistan,2020,74.45844
Uzbekistan,2021,74.50297
Uzbekistan,2022,74.541115
Venezuela,2000,25.881725
Venezuela,2001,25.768354
Venezuela,2002,25.654984
Venezuela,2003,25.541613
Venezuela,2004,25.428242
Venezuela,2005,25.314873
Venezuela,2006,25.201502
Venezuela,2007,25.08813
Venezuela,2008,24.97476
Venezuela,2009,24.955677
Venezuela,2010,25.063887
Venezuela,2011,25.201744
Venezuela,2012,25.371922
Venezuela,2013,25.542099
Venezuela,2014,25.712276
Venezuela,2015,25.882454
Venezuela,2016,26.052631
Venezuela,2017,26.222807
Venezuela,2018,26.392984
Venezuela,2019,26.563162
Venezuela,2020,26.531668
Venezuela,2021,26.367346
Venezuela,2022,27.073694
Vietnam,2000,31.723993
Vietnam,2001,33.072247
Vietnam,2002,33.57521
Vietnam,2003,34.07126
Vietnam,2004,34.560467
Vietnam,2005,35.11984
Vietnam,2006,35.67407
Vietnam,2007,36.22294
Vietnam,2008,36.766174
Vietnam,2009,37.303654
Vietnam,2010,37.835495
Vietnam,2011,38.36088
Vietnam,2012,38.879627
Vietnam,2013,39.391434
Vietnam,2014,39.896175
Vietnam,2015,40.393623
Vietnam,2016,40.883556
Vietnam,2017,41.36584
Vietnam,2018,41.84036
Vietnam,2019,42.306988
Vietnam,2020,42.765606
Vietnam,2021,43.21621
Vietnam,2022,43.65865
Western Pacific (WHO),2000,25.966015
Western Pacific (WHO),2001,26.365658
Western Pacific (WHO),2002,27.018206
Western Pacific (WHO),2003,28.651234
Western Pacific (WHO),2004,30.36274
Western Pacific (WHO),2005,32.163906
Western Pacific (WHO),2006,34.04333
Western Pacific (WHO),2007,36.029785
Western Pacific (WHO),2008,38.09698
Western Pacific (WHO),2009,40.239075
Western Pacific (WHO),2010,42.45495
Western Pacific (WHO),2011,44.732143
Western Pacific (WHO),2012,47.071
Western Pacific (WHO),2013,49.47602
Western Pacific (WHO),2014,51.957417
Western Pacific (WHO),2015,54.502213
Western Pacific (WHO),2016,57.105476
Western Pacific (WHO),2017,59.762444
Western Pacific (WHO),2018,62.462177
Western Pacific (WHO),2019,65.20271
Western Pacific (WHO),2020,66.29931
Western Pacific (WHO),2021,67.35616
Western Pacific (WHO),2022,68.380585
World,2000,32.34688
World,2001,32.75709
World,2002,33.29103
World,2003,34.117634
World,2004,35.21493
World,2005,36.284763
World,2006,37.392464
World,2007,38.566936
World,2008,39.76032
World,2009,40.97792
World,2010,42.2104
World,2011,43.40638
World,2012,44.679123
World,2013,45.970356
World,2014,47.293365
World,2015,48.638775
World,2016,49.992104
World,2017,51.335617
World,2018,52.659065
World,2019,53.972904
World,2020,54.825058
World,2021,55.848248
World,2022,56.60437
Yemen,2000,24.771587
Yemen,2001,24.890676
Yemen,2002,25.011545
Yemen,2003,24.626375
Yemen,2004,24.103498
Yemen,2005,23.484985
Yemen,2006,22.86442
Yemen,2007,22.241493
Yemen,2008,21.61612
Yemen,2009,20.988213
Yemen,2010,20.357685
Yemen,2011,19.724306
Yemen,2012,19.088028
Yemen,2013,18.448936
Yemen,2014,17.8067
Yemen,2015,17.43174
Yemen,2016,17.724535
Yemen,2017,18.011675
Yemen,2018,18.292969
Yemen,2019,18.568462
Yemen,2020,18.837978
Yemen,2021,19.101357
Yemen,2022,19.164888
Zimbabwe,2000,27.587427
Zimbabwe,2001,27.529482
Zimbabwe,2002,27.53794
Zimbabwe,2003,27.590904
Zimbabwe,2004,27.655487
Zimbabwe,2005,27.435835
Zimbabwe,2006,27.21708
Zimbabwe,2007,26.999052
Zimbabwe,2008,26.781887
Zimbabwe,2009,26.565413
Zimbabwe,2010,26.34977
Zimbabwe,2011,27.700127
Zimbabwe,2012,28.941236
Zimbabwe,2013,30.07467
Zimbabwe,2014,31.101694
Zimbabwe,2015,32.026722
Zimbabwe,2016,32.853817
Zimbabwe,2017,33.5866
Zimbabwe,2018,33.544266
Zimbabwe,2019,32.961483
Zimbabwe,2020,32.381233
Zimbabwe,2021,31.802437
Zimbabwe,2022,31.806429
